,Ensemble output
0,107
1,40
2,158
3,90
4,80
5,140
6,61
7,197
8,38
9,88
10,63
11,107
12,88
13,11
14,42
15,51
16,23
17,167
18,78
19,195
20,85
21,66
22,27
23,170
24,66
25,45
26,71
27,35
28,69
29,51
30,83
31,104
32,192
33,35
34,113
35,80
36,130
37,116
38,16
39,52
40,135
41,165
42,11
43,68
44,99
45,17
46,166
47,110
48,175
49,175
50,177
51,194
52,197
53,39
54,189
55,118
56,127
57,35
58,36
59,176
60,167
61,11
62,13
63,9
64,130
65,5
66,61
67,174
68,164
69,194
70,134
71,32
72,35
73,190
74,5
75,161
76,104
77,186
78,35
79,46
80,176
81,165
82,153
83,114
84,21
85,171
86,52
87,5
88,123
89,99
90,14
91,32
92,126
93,82
94,196
95,12
96,44
97,48
98,46
99,193
100,6
101,189
102,69
103,72
104,100
105,87
106,14
107,130
108,147
109,183
110,145
111,63
112,102
113,191
114,174
115,33
116,171
117,126
118,46
119,89
120,180
121,196
122,5
123,171
124,52
125,64
126,188
127,75
128,193
129,10
130,52
131,66
132,196
133,38
134,105
135,197
136,109
137,20
138,193
139,190
140,22
141,8
142,93
143,12
144,9
145,160
146,73
147,138
148,59
149,72
150,78
151,174
152,7
153,72
154,129
155,152
156,109
157,68
158,63
159,27
160,5
161,47
162,88
163,2
164,172
165,95
166,191
167,60
168,158
169,53
170,162
171,108
172,161
173,105
174,147
175,134
176,44
177,93
178,53
179,191
180,57
181,114
182,136
183,102
184,62
185,179
186,61
187,77
188,1
189,114
190,112
191,101
192,97
193,24
194,38
195,45
196,133
197,162
198,33
199,189
200,77
201,129
202,9
203,28
204,15
205,145
206,152
207,52
208,63
209,117
210,48
211,89
212,83
213,140
214,169
215,186
216,25
217,80
218,35
219,54
220,28
221,131
222,102
223,128
224,37
225,98
226,146
227,144
228,121
229,17
230,177
231,137
232,7
233,114
234,121
235,52
236,80
237,78
238,22
239,146
240,127
241,153
242,58
243,100
244,34
245,14
246,112
247,125
248,69
249,195
250,130
251,125
252,176
253,168
254,133
255,65
256,11
257,38
258,50
259,0
260,73
261,169
262,48
263,4
264,21
265,191
266,51
267,174
268,115
269,73
270,12
271,57
272,96
273,188
274,173
275,115
276,54
277,123
278,129
279,83
280,172
281,186
282,2
283,198
284,161
285,10
286,63
287,31
288,146
289,151
290,162
291,196
292,162
293,153
294,107
295,114
296,117
297,181
298,164
299,0
300,102
301,61
302,164
303,152
304,128
305,181
306,128
307,61
308,44
309,71
310,194
311,130
312,157
313,49
314,130
315,192
316,140
317,66
318,0
319,86
320,125
321,70
322,47
323,126
324,84
325,90
326,55
327,15
328,61
329,180
330,196
331,194
332,124
333,107
334,164
335,100
336,2
337,30
338,91
339,117
340,42
341,140
342,171
343,193
344,19
345,14
346,74
347,190
348,181
349,25
350,188
351,58
352,79
353,130
354,166
355,111
356,132
357,3
358,120
359,97
360,26
361,173
362,76
363,50
364,132
365,55
366,179
367,50
368,48
369,165
370,170
371,122
372,150
373,64
374,148
375,34
376,198
377,14
378,30
379,195
380,185
381,123
382,170
383,41
384,166
385,162
386,93
387,185
388,160
389,193
390,36
391,155
392,180
393,199
394,2
395,4
396,141
397,11
398,30
399,69
400,99
401,119
402,197
403,37
404,97
405,160
406,26
407,194
408,113
409,24
410,125
411,184
412,197
413,131
414,10
415,112
416,17
417,61
418,178
419,74
420,13
421,117
422,78
423,95
424,47
425,141
426,176
427,19
428,38
429,124
430,198
431,176
432,150
433,112
434,60
435,78
436,101
437,17
438,5
439,166
440,161
441,183
442,46
443,128
444,17
445,30
446,148
447,170
448,110
449,45
450,192
451,39
452,92
453,2
454,116
455,108
456,46
457,54
458,15
459,184
460,74
461,104
462,31
463,59
464,106
465,40
466,194
467,34
468,199
469,84
470,187
471,55
472,155
473,179
474,121
475,114
476,30
477,35
478,88
479,77
480,173
481,3
482,130
483,176
484,166
485,187
486,117
487,109
488,6
489,57
490,178
491,24
492,156
493,197
494,81
495,180
496,93
497,117
498,23
499,108
500,87
501,86
502,137
503,158
504,84
505,154
506,95
507,177
508,51
509,92
510,198
511,38
512,65
513,74
514,108
515,197
516,28
517,36
518,75
519,170
520,162
521,42
522,26
523,103
524,124
525,65
526,193
527,75
528,101
529,82
530,169
531,110
532,93
533,52
534,135
535,88
536,45
537,67
538,37
539,12
540,80
541,29
542,57
543,187
544,191
545,49
546,30
547,89
548,88
549,75
550,69
551,113
552,195
553,100
554,103
555,120
556,134
557,28
558,91
559,58
560,87
561,191
562,95
563,178
564,20
565,43
566,164
567,87
568,90
569,189
570,151
571,112
572,24
573,88
574,9
575,159
576,129
577,66
578,59
579,120
580,134
581,144
582,42
583,171
584,48
585,129
586,104
587,184
588,34
589,129
590,26
591,121
592,126
593,3
594,115
595,114
596,27
597,1
598,66
599,122
600,6
601,170
602,55
603,138
604,46
605,77
606,48
607,69
608,25
609,126
610,181
611,151
612,26
613,111
614,87
615,0
616,38
617,141
618,106
619,168
620,94
621,25
622,44
623,127
624,51
625,5
626,106
627,26
628,143
629,8
630,6
631,56
632,119
633,120
634,46
635,102
636,149
637,30
638,65
639,57
640,16
641,177
642,52
643,199
644,103
645,160
646,101
647,6
648,184
649,101
650,111
651,114
652,20
653,121
654,48
655,86
656,128
657,59
658,191
659,39
660,142
661,96
662,137
663,18
664,81
665,133
666,99
667,122
668,33
669,9
670,91
671,147
672,193
673,176
674,102
675,45
676,28
677,95
678,177
679,61
680,184
681,119
682,83
683,62
684,171
685,37
686,154
687,96
688,45
689,108
690,87
691,14
692,7
693,148
694,153
695,167
696,156
697,51
698,114
699,41
700,151
701,152
702,58
703,92
704,125
705,8
706,26
707,37
708,28
709,150
710,103
711,154
712,120
713,162
714,0
715,58
716,106
717,141
718,126
719,125
720,167
721,46
722,148
723,106
724,63
725,83
726,38
727,59
728,190
729,168
730,177
731,96
732,141
733,93
734,136
735,181
736,105
737,9
738,140
739,70
740,146
741,133
742,169
743,126
744,142
745,75
746,67
747,199
748,176
749,86
750,147
751,146
752,50
753,58
754,48
755,52
756,128
757,75
758,160
759,197
760,45
761,49
762,8
763,128
764,65
765,152
766,164
767,29
768,69
769,46
770,70
771,171
772,7
773,23
774,13
775,199
776,14
777,63
778,173
779,165
780,66
781,153
782,60
783,105
784,49
785,94
786,29
787,198
788,128
789,92
790,124
791,76
792,131
793,7
794,197
795,69
796,48
797,177
798,165
799,88
800,19
801,109
802,164
803,79
804,169
805,119
806,69
807,36
808,109
809,149
810,5
811,39
812,11
813,159
814,155
815,111
816,192
817,198
818,58
819,0
820,80
821,75
822,111
823,78
824,113
825,132
826,96
827,11
828,9
829,105
830,187
831,35
832,107
833,36
834,184
835,103
836,59
837,26
838,162
839,49
840,198
841,87
842,86
843,33
844,180
845,182
846,49
847,198
848,88
849,66
850,78
851,121
852,107
853,199
854,112
855,152
856,123
857,112
858,40
859,88
860,42
861,138
862,23
863,125
864,152
865,38
866,168
867,82
868,142
869,173
870,68
871,11
872,106
873,113
874,114
875,167
876,193
877,194
878,186
879,30
880,26
881,17
882,164
883,175
884,91
885,69
886,27
887,74
888,76
889,26
890,153
891,33
892,8
893,132
894,105
895,109
896,158
897,104
898,34
899,84
900,181
901,21
902,115
903,43
904,65
905,7
906,111
907,24
908,70
909,158
910,89
911,146
912,34
913,46
914,34
915,171
916,41
917,88
918,72
919,145
920,29
921,71
922,29
923,101
924,172
925,63
926,33
927,8
928,100
929,39
930,154
931,194
932,160
933,99
934,199
935,149
936,79
937,114
938,22
939,54
940,95
941,138
942,54
943,161
944,178
945,81
946,113
947,169
948,76
949,172
950,3
951,93
952,194
953,49
954,95
955,29
956,56
957,54
958,111
959,26
960,143
961,103
962,123
963,89
964,131
965,16
966,191
967,195
968,57
969,180
970,6
971,16
972,190
973,78
974,126
975,4
976,185
977,48
978,68
979,41
980,21
981,84
982,115
983,49
984,184
985,154
986,25
987,24
988,162
989,26
990,17
991,129
992,96
993,28
994,97
995,7
996,130
997,150
998,162
999,83
1000,47
1001,119
1002,49
1003,171
1004,161
1005,137
1006,177
1007,20
1008,138
1009,139
1010,41
1011,196
1012,19
1013,13
1014,87
1015,117
1016,150
1017,86
1018,135
1019,43
1020,155
1021,0
1022,193
1023,89
1024,8
1025,172
1026,93
1027,184
1028,181
1029,168
1030,112
1031,100
1032,164
1033,47
1034,12
1035,150
1036,2
1037,54
1038,89
1039,21
1040,176
1041,30
1042,20
1043,176
1044,55
1045,184
1046,83
1047,10
1048,144
1049,145
1050,24
1051,108
1052,74
1053,153
1054,145
1055,94
1056,160
1057,100
1058,106
1059,189
1060,51
1061,193
1062,42
1063,199
1064,144
1065,80
1066,48
1067,193
1068,74
1069,155
1070,127
1071,64
1072,89
1073,120
1074,19
1075,199
1076,52
1077,73
1078,71
1079,16
1080,38
1081,79
1082,36
1083,192
1084,103
1085,88
1086,23
1087,21
1088,77
1089,63
1090,23
1091,18
1092,191
1093,66
1094,31
1095,104
1096,138
1097,44
1098,165
1099,61
1100,104
1101,58
1102,171
1103,39
1104,76
1105,47
1106,19
1107,38
1108,119
1109,127
1110,176
1111,114
1112,83
1113,123
1114,53
1115,136
1116,120
1117,96
1118,71
1119,24
1120,113
1121,81
1122,26
1123,68
1124,115
1125,135
1126,123
1127,10
1128,180
1129,157
1130,13
1131,110
1132,133
1133,171
1134,85
1135,69
1136,176
1137,113
1138,28
1139,174
1140,63
1141,78
1142,40
1143,132
1144,186
1145,70
1146,56
1147,160
1148,152
1149,102
1150,46
1151,137
1152,12
1153,140
1154,191
1155,67
1156,97
1157,42
1158,83
1159,164
1160,66
1161,152
1162,53
1163,118
1164,153
1165,0
1166,118
1167,72
1168,143
1169,9
1170,179
1171,55
1172,78
1173,132
1174,79
1175,50
1176,195
1177,154
1178,18
1179,142
1180,49
1181,30
1182,45
1183,188
1184,4
1185,64
1186,132
1187,176
1188,169
1189,134
1190,177
1191,121
1192,5
1193,187
1194,72
1195,2
1196,118
1197,124
1198,22
1199,141
1200,160
1201,187
1202,13
1203,179
1204,99
1205,142
1206,15
1207,37
1208,51
1209,0
1210,17
1211,34
1212,75
1213,98
1214,77
1215,13
1216,35
1217,194
1218,44
1219,70
1220,119
1221,91
1222,69
1223,96
1224,101
1225,154
1226,119
1227,11
1228,165
1229,171
1230,134
1231,17
1232,175
1233,20
1234,26
1235,26
1236,4
1237,180
1238,20
1239,112
1240,66
1241,166
1242,188
1243,87
1244,76
1245,6
1246,164
1247,166
1248,95
1249,3
1250,124
1251,6
1252,24
1253,116
1254,152
1255,132
1256,22
1257,1
1258,66
1259,52
1260,132
1261,45
1262,137
1263,106
1264,93
1265,7
1266,145
1267,43
1268,109
1269,71
1270,104
1271,104
1272,45
1273,96
1274,195
1275,67
1276,35
1277,77
1278,30
1279,152
1280,9
1281,157
1282,166
1283,160
1284,164
1285,174
1286,56
1287,64
1288,11
1289,134
1290,13
1291,155
1292,171
1293,148
1294,199
1295,52
1296,111
1297,160
1298,67
1299,187
1300,100
1301,65
1302,176
1303,31
1304,37
1305,142
1306,42
1307,115
1308,129
1309,82
1310,11
1311,195
1312,108
1313,30
1314,57
1315,188
1316,131
1317,104
1318,85
1319,102
1320,55
1321,179
1322,133
1323,151
1324,179
1325,14
1326,76
1327,61
1328,171
1329,80
1330,193
1331,17
1332,17
1333,192
1334,174
1335,119
1336,85
1337,41
1338,30
1339,34
1340,121
1341,196
1342,70
1343,129
1344,71
1345,146
1346,43
1347,115
1348,169
1349,66
1350,154
1351,82
1352,69
1353,146
1354,31
1355,37
1356,103
1357,41
1358,181
1359,74
1360,59
1361,48
1362,81
1363,151
1364,196
1365,189
1366,99
1367,83
1368,17
1369,31
1370,147
1371,135
1372,116
1373,127
1374,104
1375,113
1376,106
1377,90
1378,189
1379,55
1380,14
1381,38
1382,182
1383,15
1384,41
1385,14
1386,37
1387,102
1388,160
1389,130
1390,61
1391,177
1392,88
1393,198
1394,65
1395,0
1396,16
1397,59
1398,89
1399,16
1400,102
1401,11
1402,177
1403,69
1404,152
1405,120
1406,38
1407,134
1408,147
1409,175
1410,15
1411,56
1412,180
1413,74
1414,198
1415,83
1416,48
1417,32
1418,72
1419,146
1420,160
1421,198
1422,150
1423,94
1424,130
1425,178
1426,122
1427,122
1428,119
1429,81
1430,6
1431,118
1432,177
1433,197
1434,95
1435,153
1436,166
1437,85
1438,75
1439,160
1440,22
1441,31
1442,87
1443,103
1444,63
1445,174
1446,1
1447,134
1448,131
1449,130
1450,151
1451,110
1452,137
1453,63
1454,63
1455,25
1456,24
1457,48
1458,115
1459,139
1460,2
1461,47
1462,176
1463,9
1464,65
1465,77
1466,195
1467,62
1468,80
1469,109
1470,69
1471,47
1472,27
1473,191
1474,146
1475,146
1476,71
1477,20
1478,195
1479,46
1480,129
1481,47
1482,27
1483,197
1484,148
1485,97
1486,25
1487,188
1488,0
1489,177
1490,155
1491,82
1492,35
1493,108
1494,136
1495,150
1496,183
1497,35
1498,110
1499,166
1500,163
1501,156
1502,176
1503,86
1504,16
1505,179
1506,66
1507,194
1508,198
1509,28
1510,77
1511,50
1512,11
1513,131
1514,6
1515,8
1516,6
1517,68
1518,67
1519,129
1520,142
1521,31
1522,129
1523,15
1524,126
1525,25
1526,63
1527,80
1528,81
1529,85
1530,98
1531,47
1532,157
1533,33
1534,88
1535,149
1536,30
1537,50
1538,115
1539,112
1540,39
1541,100
1542,94
1543,88
1544,20
1545,57
1546,182
1547,34
1548,158
1549,177
1550,103
1551,65
1552,169
1553,71
1554,149
1555,187
1556,6
1557,170
1558,106
1559,52
1560,134
1561,6
1562,74
1563,17
1564,165
1565,69
1566,48
1567,103
1568,78
1569,28
1570,180
1571,118
1572,90
1573,12
1574,62
1575,160
1576,146
1577,92
1578,34
1579,112
1580,26
1581,103
1582,64
1583,29
1584,176
1585,169
1586,148
1587,108
1588,119
1589,129
1590,183
1591,198
1592,134
1593,73
1594,196
1595,134
1596,50
1597,69
1598,165
1599,18
1600,128
1601,189
1602,198
1603,77
1604,104
1605,160
1606,167
1607,118
1608,165
1609,139
1610,111
1611,24
1612,115
1613,13
1614,102
1615,75
1616,144
1617,66
1618,168
1619,86
1620,38
1621,24
1622,47
1623,108
1624,60
1625,14
1626,129
1627,144
1628,111
1629,46
1630,44
1631,171
1632,109
1633,93
1634,8
1635,132
1636,3
1637,124
1638,82
1639,123
1640,180
1641,66
1642,83
1643,58
1644,185
1645,54
1646,1
1647,146
1648,119
1649,175
1650,105
1651,69
1652,166
1653,147
1654,136
1655,183
1656,17
1657,5
1658,149
1659,76
1660,74
1661,138
1662,88
1663,19
1664,187
1665,81
1666,61
1667,84
1668,141
1669,164
1670,37
1671,177
1672,88
1673,12
1674,157
1675,75
1676,150
1677,107
1678,183
1679,152
1680,75
1681,111
1682,62
1683,146
1684,91
1685,96
1686,78
1687,198
1688,146
1689,159
1690,130
1691,61
1692,122
1693,89
1694,124
1695,93
1696,173
1697,101
1698,60
1699,137
1700,52
1701,7
1702,144
1703,77
1704,88
1705,193
1706,178
1707,99
1708,198
1709,158
1710,57
1711,110
1712,78
1713,81
1714,194
1715,78
1716,146
1717,42
1718,193
1719,128
1720,75
1721,28
1722,193
1723,119
1724,126
1725,17
1726,37
1727,124
1728,93
1729,36
1730,177
1731,107
1732,6
1733,169
1734,106
1735,153
1736,43
1737,5
1738,173
1739,78
1740,90
1741,9
1742,123
1743,133
1744,178
1745,160
1746,34
1747,184
1748,54
1749,58
1750,18
1751,124
1752,106
1753,98
1754,155
1755,132
1756,100
1757,103
1758,113
1759,79
1760,90
1761,15
1762,173
1763,9
1764,81
1765,156
1766,136
1767,56
1768,29
1769,141
1770,3
1771,163
1772,99
1773,168
1774,194
1775,100
1776,65
1777,85
1778,166
1779,171
1780,2
1781,43
1782,59
1783,35
1784,46
1785,70
1786,179
1787,134
1788,148
1789,13
1790,94
1791,177
1792,18
1793,73
1794,83
1795,71
1796,146
1797,182
1798,186
1799,197
1800,105
1801,90
1802,126
1803,165
1804,82
1805,86
1806,78
1807,61
1808,36
1809,196
1810,139
1811,148
1812,37
1813,13
1814,43
1815,52
1816,124
1817,9
1818,25
1819,85
1820,137
1821,13
1822,16
1823,137
1824,154
1825,175
1826,9
1827,2
1828,51
1829,181
1830,14
1831,165
1832,76
1833,75
1834,124
1835,54
1836,156
1837,101
1838,15
1839,10
1840,49
1841,91
1842,112
1843,193
1844,23
1845,116
1846,75
1847,190
1848,156
1849,17
1850,91
1851,168
1852,169
1853,180
1854,165
1855,22
1856,71
1857,61
1858,15
1859,41
1860,2
1861,130
1862,155
1863,38
1864,174
1865,61
1866,6
1867,191
1868,23
1869,129
1870,43
1871,99
1872,21
1873,19
1874,93
1875,81
1876,91
1877,50
1878,68
1879,155
1880,129
1881,139
1882,65
1883,75
1884,188
1885,88
1886,175
1887,117
1888,146
1889,140
1890,90
1891,58
1892,186
1893,142
1894,148
1895,98
1896,52
1897,93
1898,52
1899,199
1900,133
1901,133
1902,94
1903,197
1904,198
1905,47
1906,189
1907,70
1908,91
1909,14
1910,129
1911,67
1912,9
1913,176
1914,174
1915,151
1916,93
1917,153
1918,151
1919,46
1920,104
1921,151
1922,133
1923,80
1924,166
1925,102
1926,20
1927,15
1928,164
1929,8
1930,152
1931,120
1932,106
1933,178
1934,57
1935,57
1936,153
1937,37
1938,72
1939,49
1940,9
1941,79
1942,164
1943,37
1944,49
1945,31
1946,12
1947,157
1948,25
1949,115
1950,57
1951,73
1952,177
1953,99
1954,178
1955,162
1956,184
1957,136
1958,132
1959,116
1960,143
1961,122
1962,5
1963,193
1964,123
1965,23
1966,191
1967,147
1968,108
1969,30
1970,120
1971,25
1972,22
1973,17
1974,177
1975,38
1976,118
1977,139
1978,78
1979,11
1980,147
1981,115
1982,36
1983,145
1984,131
1985,169
1986,99
1987,111
1988,76
1989,112
1990,42
1991,105
1992,32
1993,162
1994,177
1995,102
1996,89
1997,24
1998,164
1999,93
2000,96
2001,79
2002,10
2003,32
2004,133
2005,111
2006,37
2007,37
2008,168
2009,66
2010,25
2011,109
2012,114
2013,153
2014,150
2015,22
2016,114
2017,51
2018,14
2019,86
2020,163
2021,26
2022,162
2023,191
2024,14
2025,82
2026,121
2027,191
2028,87
2029,130
2030,7
2031,140
2032,101
2033,24
2034,20
2035,156
2036,165
2037,41
2038,6
2039,146
2040,78
2041,53
2042,184
2043,195
2044,177
2045,51
2046,107
2047,56
2048,156
2049,88
2050,107
2051,15
2052,184
2053,126
2054,58
2055,5
2056,188
2057,128
2058,125
2059,191
2060,112
2061,40
2062,114
2063,105
2064,133
2065,164
2066,145
2067,189
2068,23
2069,76
2070,64
2071,191
2072,67
2073,33
2074,141
2075,87
2076,193
2077,36
2078,91
2079,65
2080,52
2081,88
2082,130
2083,142
2084,25
2085,70
2086,96
2087,78
2088,65
2089,119
2090,121
2091,46
2092,148
2093,146
2094,36
2095,199
2096,171
2097,199
2098,153
2099,106
2100,42
2101,104
2102,25
2103,39
2104,92
2105,1
2106,74
2107,180
2108,111
2109,104
2110,164
2111,118
2112,25
2113,134
2114,36
2115,175
2116,89
2117,109
2118,186
2119,117
2120,41
2121,174
2122,92
2123,71
2124,165
2125,136
2126,179
2127,69
2128,34
2129,180
2130,169
2131,195
2132,177
2133,59
2134,177
2135,136
2136,1
2137,155
2138,151
2139,167
2140,190
2141,25
2142,177
2143,81
2144,75
2145,106
2146,92
2147,19
2148,161
2149,162
2150,135
2151,23
2152,154
2153,158
2154,123
2155,166
2156,141
2157,3
2158,169
2159,121
2160,49
2161,103
2162,193
2163,38
2164,0
2165,120
2166,191
2167,157
2168,172
2169,14
2170,138
2171,64
2172,43
2173,42
2174,191
2175,146
2176,153
2177,117
2178,178
2179,43
2180,103
2181,30
2182,102
2183,147
2184,3
2185,187
2186,65
2187,57
2188,154
2189,131
2190,170
2191,128
2192,27
2193,69
2194,147
2195,10
2196,173
2197,79
2198,177
2199,130
2200,170
2201,189
2202,181
2203,122
2204,26
2205,49
2206,192
2207,68
2208,188
2209,127
2210,114
2211,128
2212,125
2213,194
2214,116
2215,59
2216,55
2217,28
2218,116
2219,99
2220,183
2221,104
2222,149
2223,69
2224,121
2225,190
2226,133
2227,106
2228,27
2229,49
2230,76
2231,198
2232,190
2233,78
2234,120
2235,51
2236,70
2237,121
2238,64
2239,110
2240,128
2241,45
2242,181
2243,117
2244,69
2245,35
2246,60
2247,48
2248,135
2249,101
2250,114
2251,21
2252,173
2253,110
2254,118
2255,166
2256,78
2257,119
2258,109
2259,152
2260,136
2261,4
2262,81
2263,99
2264,168
2265,140
2266,69
2267,190
2268,69
2269,6
2270,59
2271,46
2272,188
2273,189
2274,99
2275,77
2276,145
2277,102
2278,31
2279,54
2280,181
2281,132
2282,44
2283,199
2284,191
2285,39
2286,176
2287,112
2288,186
2289,25
2290,29
2291,21
2292,113
2293,75
2294,17
2295,88
2296,88
2297,145
2298,18
2299,139
2300,177
2301,58
2302,97
2303,190
2304,126
2305,126
2306,69
2307,41
2308,21
2309,130
2310,56
2311,132
2312,68
2313,149
2314,83
2315,155
2316,40
2317,36
2318,48
2319,152
2320,115
2321,69
2322,73
2323,65
2324,75
2325,70
2326,25
2327,132
2328,193
2329,174
2330,93
2331,129
2332,4
2333,114
2334,147
2335,179
2336,199
2337,140
2338,194
2339,30
2340,30
2341,104
2342,52
2343,17
2344,104
2345,2
2346,186
2347,107
2348,186
2349,55
2350,22
2351,129
2352,25
2353,68
2354,45
2355,151
2356,112
2357,3
2358,65
2359,131
2360,130
2361,98
2362,183
2363,107
2364,106
2365,7
2366,196
2367,103
2368,180
2369,142
2370,194
2371,89
2372,143
2373,25
2374,142
2375,156
2376,102
2377,68
2378,142
2379,38
2380,165
2381,95
2382,195
2383,47
2384,10
2385,114
2386,97
2387,95
2388,78
2389,87
2390,168
2391,199
2392,74
2393,95
2394,40
2395,161
2396,162
2397,76
2398,198
2399,185
2400,143
2401,91
2402,61
2403,3
2404,118
2405,77
2406,25
2407,55
2408,96
2409,198
2410,102
2411,143
2412,131
2413,99
2414,23
2415,99
2416,172
2417,66
2418,6
2419,149
2420,165
2421,43
2422,93
2423,21
2424,120
2425,178
2426,112
2427,76
2428,116
2429,54
2430,21
2431,58
2432,46
2433,134
2434,30
2435,100
2436,138
2437,33
2438,94
2439,123
2440,189
2441,82
2442,152
2443,148
2444,30
2445,182
2446,124
2447,109
2448,90
2449,118
2450,12
2451,38
2452,25
2453,40
2454,105
2455,188
2456,80
2457,50
2458,144
2459,175
2460,65
2461,104
2462,173
2463,98
2464,141
2465,137
2466,175
2467,178
2468,81
2469,81
2470,57
2471,62
2472,93
2473,125
2474,161
2475,5
2476,156
2477,130
2478,160
2479,166
2480,6
2481,33
2482,156
2483,60
2484,112
2485,164
2486,113
2487,193
2488,42
2489,38
2490,194
2491,54
2492,53
2493,151
2494,129
2495,102
2496,85
2497,36
2498,86
2499,15
2500,49
2501,152
2502,119
2503,147
2504,146
2505,157
2506,77
2507,169
2508,151
2509,147
2510,129
2511,188
2512,171
2513,55
2514,93
2515,168
2516,40
2517,32
2518,198
2519,26
2520,23
2521,88
2522,185
2523,26
2524,43
2525,160
2526,66
2527,65
2528,193
2529,40
2530,54
2531,35
2532,2
2533,182
2534,46
2535,97
2536,140
2537,80
2538,73
2539,63
2540,81
2541,71
2542,189
2543,79
2544,69
2545,187
2546,71
2547,84
2548,77
2549,174
2550,23
2551,3
2552,71
2553,97
2554,160
2555,50
2556,178
2557,130
2558,87
2559,9
2560,82
2561,114
2562,65
2563,182
2564,36
2565,172
2566,196
2567,194
2568,104
2569,21
2570,144
2571,5
2572,117
2573,70
2574,45
2575,151
2576,166
2577,183
2578,69
2579,2
2580,145
2581,86
2582,6
2583,77
2584,110
2585,143
2586,151
2587,169
2588,75
2589,77
2590,49
2591,88
2592,32
2593,90
2594,46
2595,186
2596,171
2597,160
2598,123
2599,77
2600,125
2601,189
2602,64
2603,26
2604,149
2605,181
2606,39
2607,1
2608,122
2609,126
2610,170
2611,143
2612,158
2613,61
2614,66
2615,41
2616,24
2617,110
2618,113
2619,179
2620,109
2621,103
2622,118
2623,46
2624,182
2625,168
2626,113
2627,12
2628,106
2629,155
2630,91
2631,26
2632,138
2633,103
2634,153
2635,191
2636,186
2637,125
2638,81
2639,125
2640,179
2641,5
2642,152
2643,64
2644,84
2645,177
2646,89
2647,191
2648,75
2649,142
2650,13
2651,115
2652,194
2653,92
2654,144
2655,140
2656,97
2657,31
2658,163
2659,159
2660,6
2661,78
2662,173
2663,94
2664,118
2665,103
2666,96
2667,45
2668,65
2669,71
2670,46
2671,194
2672,74
2673,161
2674,127
2675,99
2676,58
2677,189
2678,187
2679,58
2680,70
2681,1
2682,48
2683,140
2684,97
2685,157
2686,191
2687,180
2688,77
2689,4
2690,0
2691,90
2692,72
2693,181
2694,133
2695,86
2696,75
2697,40
2698,173
2699,151
2700,62
2701,160
2702,9
2703,83
2704,160
2705,133
2706,107
2707,144
2708,191
2709,171
2710,179
2711,126
2712,140
2713,175
2714,141
2715,144
2716,62
2717,64
2718,195
2719,28
2720,65
2721,45
2722,43
2723,139
2724,123
2725,164
2726,68
2727,29
2728,150
2729,1
2730,98
2731,121
2732,22
2733,106
2734,94
2735,14
2736,185
2737,176
2738,135
2739,155
2740,30
2741,117
2742,105
2743,71
2744,162
2745,73
2746,91
2747,73
2748,36
2749,97
2750,107
2751,121
2752,116
2753,131
2754,130
2755,105
2756,92
2757,52
2758,196
2759,68
2760,16
2761,51
2762,167
2763,66
2764,199
2765,152
2766,113
2767,153
2768,57
2769,176
2770,52
2771,146
2772,147
2773,16
2774,142
2775,94
2776,15
2777,23
2778,58
2779,86
2780,4
2781,51
2782,40
2783,126
2784,167
2785,113
2786,123
2787,88
2788,107
2789,148
2790,141
2791,181
2792,179
2793,134
2794,9
2795,154
2796,177
2797,86
2798,3
2799,55
2800,51
2801,90
2802,84
2803,27
2804,13
2805,150
2806,196
2807,185
2808,30
2809,194
2810,64
2811,65
2812,77
2813,145
2814,199
2815,101
2816,73
2817,180
2818,177
2819,7
2820,189
2821,51
2822,22
2823,60
2824,80
2825,98
2826,132
2827,177
2828,0
2829,54
2830,0
2831,33
2832,76
2833,136
2834,1
2835,68
2836,31
2837,60
2838,120
2839,12
2840,172
2841,102
2842,54
2843,184
2844,1
2845,36
2846,24
2847,63
2848,80
2849,30
2850,54
2851,1
2852,192
2853,87
2854,55
2855,54
2856,46
2857,12
2858,70
2859,171
2860,22
2861,191
2862,28
2863,131
2864,150
2865,104
2866,85
2867,101
2868,12
2869,190
2870,7
2871,29
2872,171
2873,169
2874,177
2875,173
2876,19
2877,187
2878,41
2879,14
2880,67
2881,62
2882,1
2883,81
2884,141
2885,19
2886,151
2887,29
2888,15
2889,198
2890,6
2891,109
2892,105
2893,130
2894,185
2895,127
2896,53
2897,79
2898,126
2899,9
2900,80
2901,0
2902,67
2903,49
2904,179
2905,6
2906,149
2907,89
2908,30
2909,140
2910,106
2911,151
2912,108
2913,155
2914,53
2915,52
2916,156
2917,76
2918,41
2919,41
2920,132
2921,13
2922,163
2923,19
2924,175
2925,118
2926,65
2927,177
2928,66
2929,74
2930,146
2931,181
2932,76
2933,143
2934,194
2935,39
2936,30
2937,29
2938,109
2939,176
2940,183
2941,49
2942,110
2943,36
2944,48
2945,130
2946,173
2947,147
2948,33
2949,181
2950,185
2951,197
2952,168
2953,180
2954,5
2955,166
2956,146
2957,187
2958,38
2959,182
2960,66
2961,128
2962,26
2963,75
2964,96
2965,36
2966,17
2967,15
2968,18
2969,75
2970,68
2971,126
2972,44
2973,94
2974,52
2975,172
2976,84
2977,187
2978,101
2979,93
2980,180
2981,162
2982,36
2983,63
2984,25
2985,108
2986,89
2987,97
2988,106
2989,22
2990,109
2991,119
2992,175
2993,190
2994,86
2995,148
2996,6
2997,146
2998,39
2999,23
3000,91
3001,162
3002,187
3003,41
3004,172
3005,2
3006,35
3007,140
3008,114
3009,52
3010,35
3011,188
3012,152
3013,122
3014,186
3015,113
3016,100
3017,166
3018,60
3019,126
3020,89
3021,84
3022,105
3023,128
3024,78
3025,55
3026,176
3027,132
3028,90
3029,47
3030,112
3031,126
3032,135
3033,28
3034,132
3035,0
3036,188
3037,166
3038,191
3039,1
3040,2
3041,133
3042,146
3043,186
3044,143
3045,176
3046,87
3047,164
3048,96
3049,27
3050,69
3051,48
3052,15
3053,179
3054,148
3055,177
3056,124
3057,155
3058,55
3059,70
3060,106
3061,176
3062,86
3063,95
3064,88
3065,171
3066,67
3067,13
3068,82
3069,120
3070,168
3071,80
3072,118
3073,70
3074,163
3075,194
3076,100
3077,8
3078,2
3079,194
3080,15
3081,145
3082,0
3083,93
3084,183
3085,64
3086,197
3087,54
3088,94
3089,113
3090,109
3091,107
3092,66
3093,1
3094,161
3095,114
3096,71
3097,151
3098,136
3099,196
3100,90
3101,64
3102,164
3103,170
3104,6
3105,13
3106,152
3107,197
3108,149
3109,119
3110,89
3111,119
3112,114
3113,41
3114,163
3115,101
3116,16
3117,93
3118,95
3119,126
3120,121
3121,62
3122,115
3123,194
3124,187
3125,182
3126,130
3127,194
3128,114
3129,37
3130,9
3131,106
3132,23
3133,131
3134,114
3135,180
3136,153
3137,148
3138,198
3139,18
3140,150
3141,119
3142,111
3143,68
3144,34
3145,139
3146,69
3147,18
3148,54
3149,82
3150,108
3151,147
3152,106
3153,29
3154,100
3155,185
3156,55
3157,13
3158,194
3159,85
3160,116
3161,130
3162,98
3163,33
3164,35
3165,82
3166,111
3167,65
3168,54
3169,12
3170,184
3171,142
3172,144
3173,97
3174,66
3175,147
3176,82
3177,40
3178,129
3179,160
3180,23
3181,184
3182,5
3183,21
3184,143
3185,47
3186,75
3187,8
3188,40
3189,71
3190,41
3191,138
3192,39
3193,15
3194,84
3195,125
3196,190
3197,51
3198,121
3199,114
3200,149
3201,119
3202,108
3203,152
3204,15
3205,71
3206,121
3207,23
3208,32
3209,121
3210,67
3211,182
3212,135
3213,101
3214,60
3215,178
3216,2
3217,124
3218,194
3219,106
3220,102
3221,199
3222,11
3223,127
3224,56
3225,198
3226,157
3227,18
3228,3
3229,67
3230,95
3231,151
3232,89
3233,96
3234,15
3235,134
3236,132
3237,197
3238,109
3239,56
3240,87
3241,85
3242,41
3243,20
3244,195
3245,34
3246,132
3247,86
3248,70
3249,11
3250,167
3251,162
3252,68
3253,1
3254,49
3255,161
3256,190
3257,11
3258,182
3259,187
3260,169
3261,143
3262,24
3263,176
3264,110
3265,33
3266,147
3267,156
3268,126
3269,94
3270,4
3271,144
3272,118
3273,169
3274,6
3275,160
3276,13
3277,55
3278,54
3279,74
3280,88
3281,60
3282,167
3283,198
3284,45
3285,16
3286,115
3287,39
3288,108
3289,103
3290,108
3291,88
3292,124
3293,29
3294,11
3295,75
3296,67
3297,140
3298,166
3299,22
3300,66
3301,48
3302,198
3303,17
3304,136
3305,111
3306,95
3307,148
3308,156
3309,94
3310,2
3311,15
3312,102
3313,163
3314,36
3315,103
3316,110
3317,113
3318,17
3319,156
3320,35
3321,85
3322,127
3323,88
3324,143
3325,86
3326,125
3327,125
3328,93
3329,44
3330,196
3331,15
3332,186
3333,121
3334,132
3335,33
3336,133
3337,94
3338,49
3339,168
3340,88
3341,38
3342,87
3343,187
3344,93
3345,19
3346,57
3347,130
3348,78
3349,62
3350,67
3351,53
3352,22
3353,177
3354,73
3355,77
3356,92
3357,77
3358,110
3359,54
3360,59
3361,133
3362,90
3363,181
3364,127
3365,63
3366,194
3367,71
3368,50
3369,82
3370,157
3371,154
3372,133
3373,19
3374,161
3375,173
3376,68
3377,102
3378,189
3379,119
3380,105
3381,61
3382,167
3383,166
3384,149
3385,180
3386,85
3387,166
3388,163
3389,169
3390,50
3391,54
3392,65
3393,119
3394,94
3395,141
3396,115
3397,134
3398,186
3399,108
3400,89
3401,174
3402,179
3403,8
3404,34
3405,49
3406,106
3407,53
3408,194
3409,117
3410,24
3411,1
3412,65
3413,26
3414,13
3415,93
3416,92
3417,10
3418,150
3419,193
3420,147
3421,41
3422,112
3423,194
3424,26
3425,61
3426,2
3427,143
3428,137
3429,21
3430,128
3431,165
3432,166
3433,59
3434,8
3435,168
3436,65
3437,158
3438,106
3439,158
3440,87
3441,159
3442,79
3443,137
3444,69
3445,95
3446,33
3447,3
3448,94
3449,106
3450,105
3451,29
3452,71
3453,118
3454,90
3455,15
3456,93
3457,20
3458,76
3459,130
3460,191
3461,120
3462,59
3463,132
3464,12
3465,178
3466,115
3467,188
3468,61
3469,146
3470,28
3471,155
3472,166
3473,28
3474,106
3475,101
3476,170
3477,117
3478,130
3479,6
3480,98
3481,171
3482,113
3483,137
3484,61
3485,9
3486,15
3487,112
3488,18
3489,128
3490,185
3491,148
3492,37
3493,19
3494,97
3495,82
3496,74
3497,116
3498,2
3499,30
3500,19
3501,152
3502,130
3503,14
3504,164
3505,144
3506,0
3507,7
3508,54
3509,132
3510,85
3511,58
3512,42
3513,117
3514,29
3515,17
3516,104
3517,37
3518,150
3519,64
3520,199
3521,44
3522,100
3523,84
3524,184
3525,92
3526,176
3527,110
3528,27
3529,122
3530,108
3531,154
3532,93
3533,146
3534,174
3535,98
3536,118
3537,49
3538,159
3539,87
3540,130
3541,41
3542,106
3543,126
3544,41
3545,197
3546,77
3547,88
3548,198
3549,177
3550,156
3551,104
3552,118
3553,126
3554,78
3555,117
3556,179
3557,44
3558,147
3559,108
3560,192
3561,158
3562,13
3563,100
3564,174
3565,130
3566,143
3567,160
3568,11
3569,134
3570,154
3571,192
3572,36
3573,58
3574,111
3575,67
3576,54
3577,58
3578,117
3579,47
3580,106
3581,138
3582,94
3583,16
3584,80
3585,20
3586,186
3587,156
3588,68
3589,120
3590,83
3591,18
3592,106
3593,151
3594,163
3595,101
3596,50
3597,92
3598,164
3599,150
3600,194
3601,101
3602,66
3603,26
3604,7
3605,194
3606,38
3607,197
3608,159
3609,164
3610,183
3611,177
3612,192
3613,194
3614,48
3615,39
3616,177
3617,15
3618,19
3619,148
3620,49
3621,12
3622,78
3623,121
3624,35
3625,13
3626,136
3627,47
3628,157
3629,78
3630,125
3631,78
3632,9
3633,65
3634,143
3635,109
3636,21
3637,119
3638,157
3639,69
3640,109
3641,77
3642,111
3643,73
3644,113
3645,164
3646,35
3647,154
3648,137
3649,62
3650,141
3651,114
3652,125
3653,183
3654,12
3655,102
3656,103
3657,89
3658,194
3659,57
3660,39
3661,41
3662,183
3663,32
3664,169
3665,4
3666,11
3667,151
3668,42
3669,15
3670,106
3671,73
3672,173
3673,130
3674,109
3675,20
3676,114
3677,169
3678,92
3679,116
3680,13
3681,37
3682,104
3683,136
3684,38
3685,121
3686,123
3687,107
3688,127
3689,82
3690,68
3691,125
3692,163
3693,125
3694,57
3695,51
3696,72
3697,183
3698,49
3699,73
3700,140
3701,111
3702,10
3703,99
3704,37
3705,154
3706,84
3707,52
3708,30
3709,135
3710,159
3711,60
3712,171
3713,51
3714,189
3715,51
3716,33
3717,58
3718,158
3719,173
3720,83
3721,152
3722,5
3723,43
3724,159
3725,49
3726,1
3727,26
3728,82
3729,62
3730,60
3731,161
3732,158
3733,46
3734,120
3735,172
3736,125
3737,109
3738,61
3739,74
3740,139
3741,170
3742,127
3743,10
3744,187
3745,33
3746,57
3747,161
3748,163
3749,113
3750,87
3751,88
3752,23
3753,101
3754,138
3755,112
3756,11
3757,199
3758,169
3759,85
3760,195
3761,33
3762,187
3763,0
3764,130
3765,102
3766,77
3767,23
3768,158
3769,134
3770,96
3771,164
3772,169
3773,120
3774,184
3775,114
3776,61
3777,195
3778,45
3779,110
3780,84
3781,163
3782,72
3783,28
3784,114
3785,48
3786,35
3787,182
3788,146
3789,109
3790,109
3791,104
3792,75
3793,116
3794,152
3795,177
3796,19
3797,116
3798,71
3799,135
3800,91
3801,102
3802,35
3803,123
3804,168
3805,111
3806,194
3807,65
3808,85
3809,39
3810,28
3811,5
3812,185
3813,154
3814,58
3815,66
3816,161
3817,124
3818,154
3819,67
3820,10
3821,71
3822,46
3823,112
3824,148
3825,112
3826,93
3827,72
3828,59
3829,90
3830,119
3831,92
3832,56
3833,167
3834,31
3835,101
3836,58
3837,63
3838,53
3839,1
3840,105
3841,175
3842,16
3843,93
3844,96
3845,19
3846,1
3847,176
3848,143
3849,49
3850,89
3851,21
3852,184
3853,13
3854,98
3855,19
3856,49
3857,119
3858,193
3859,102
3860,24
3861,106
3862,50
3863,155
3864,8
3865,124
3866,103
3867,21
3868,91
3869,18
3870,68
3871,17
3872,29
3873,191
3874,193
3875,168
3876,11
3877,89
3878,106
3879,148
3880,2
3881,2
3882,133
3883,52
3884,45
3885,125
3886,13
3887,126
3888,126
3889,71
3890,88
3891,176
3892,55
3893,157
3894,167
3895,134
3896,180
3897,15
3898,85
3899,30
3900,47
3901,51
3902,23
3903,175
3904,156
3905,161
3906,108
3907,3
3908,163
3909,181
3910,88
3911,24
3912,108
3913,156
3914,173
3915,37
3916,192
3917,65
3918,25
3919,136
3920,115
3921,111
3922,106
3923,171
3924,195
3925,82
3926,104
3927,130
3928,93
3929,122
3930,156
3931,35
3932,8
3933,139
3934,145
3935,15
3936,52
3937,177
3938,102
3939,59
3940,2
3941,60
3942,124
3943,37
3944,96
3945,109
3946,155
3947,30
3948,35
3949,154
3950,186
3951,132
3952,175
3953,130
3954,165
3955,0
3956,155
3957,184
3958,67
3959,109
3960,179
3961,9
3962,121
3963,170
3964,141
3965,104
3966,51
3967,65
3968,119
3969,156
3970,109
3971,11
3972,85
3973,96
3974,188
3975,158
3976,68
3977,79
3978,173
3979,30
3980,153
3981,121
3982,161
3983,192
3984,115
3985,161
3986,162
3987,54
3988,197
3989,23
3990,104
3991,56
3992,193
3993,90
3994,12
3995,31
3996,113
3997,17
3998,113
3999,36
4000,55
4001,9
4002,194
4003,4
4004,196
4005,129
4006,130
4007,115
4008,153
4009,166
4010,114
4011,66
4012,68
4013,149
4014,99
4015,104
4016,176
4017,38
4018,127
4019,156
4020,197
4021,81
4022,11
4023,127
4024,11
4025,51
4026,116
4027,3
4028,43
4029,93
4030,117
4031,48
4032,172
4033,16
4034,165
4035,111
4036,20
4037,178
4038,106
4039,40
4040,41
4041,20
4042,70
4043,129
4044,1
4045,130
4046,96
4047,144
4048,140
4049,68
4050,198
4051,80
4052,176
4053,53
4054,34
4055,157
4056,163
4057,94
4058,3
4059,190
4060,105
4061,196
4062,101
4063,44
4064,134
4065,140
4066,117
4067,32
4068,191
4069,106
4070,108
4071,69
4072,118
4073,145
4074,43
4075,43
4076,132
4077,3
4078,4
4079,152
4080,89
4081,102
4082,72
4083,198
4084,118
4085,80
4086,7
4087,12
4088,152
4089,150
4090,152
4091,89
4092,5
4093,141
4094,42
4095,75
4096,176
4097,110
4098,61
4099,103
4100,184
4101,89
4102,72
4103,151
4104,25
4105,184
4106,179
4107,14
4108,89
4109,123
4110,42
4111,124
4112,184
4113,14
4114,128
4115,197
4116,188
4117,99
4118,124
4119,62
4120,166
4121,55
4122,124
4123,142
4124,23
4125,44
4126,153
4127,37
4128,22
4129,153
4130,60
4131,150
4132,109
4133,184
4134,2
4135,135
4136,128
4137,71
4138,145
4139,50
4140,60
4141,153
4142,97
4143,186
4144,158
4145,183
4146,26
4147,55
4148,170
4149,88
4150,23
4151,19
4152,196
4153,91
4154,98
4155,97
4156,194
4157,127
4158,192
4159,154
4160,30
4161,76
4162,199
4163,184
4164,29
4165,168
4166,43
4167,180
4168,68
4169,81
4170,16
4171,132
4172,153
4173,74
4174,85
4175,3
4176,50
4177,129
4178,45
4179,66
4180,70
4181,138
4182,76
4183,44
4184,151
4185,8
4186,38
4187,18
4188,144
4189,186
4190,26
4191,145
4192,104
4193,67
4194,33
4195,20
4196,145
4197,37
4198,102
4199,88
4200,60
4201,87
4202,144
4203,167
4204,41
4205,189
4206,198
4207,42
4208,9
4209,140
4210,25
4211,55
4212,184
4213,183
4214,191
4215,156
4216,140
4217,34
4218,173
4219,196
4220,135
4221,194
4222,129
4223,57
4224,108
4225,42
4226,93
4227,73
4228,45
4229,68
4230,11
4231,148
4232,56
4233,42
4234,148
4235,4
4236,131
4237,145
4238,140
4239,100
4240,8
4241,109
4242,190
4243,75
4244,183
4245,187
4246,87
4247,32
4248,81
4249,122
4250,32
4251,20
4252,10
4253,70
4254,185
4255,171
4256,34
4257,49
4258,164
4259,34
4260,30
4261,113
4262,178
4263,83
4264,61
4265,90
4266,63
4267,107
4268,91
4269,140
4270,143
4271,163
4272,74
4273,180
4274,137
4275,118
4276,5
4277,171
4278,183
4279,165
4280,151
4281,67
4282,190
4283,175
4284,138
4285,120
4286,88
4287,142
4288,132
4289,144
4290,96
4291,91
4292,1
4293,137
4294,41
4295,44
4296,76
4297,41
4298,48
4299,47
4300,178
4301,30
4302,45
4303,4
4304,140
4305,88
4306,69
4307,142
4308,13
4309,11
4310,157
4311,130
4312,37
4313,3
4314,42
4315,198
4316,128
4317,112
4318,20
4319,160
4320,103
4321,45
4322,150
4323,151
4324,152
4325,169
4326,130
4327,101
4328,80
4329,147
4330,18
4331,17
4332,23
4333,176
4334,80
4335,11
4336,153
4337,16
4338,30
4339,143
4340,97
4341,35
4342,99
4343,119
4344,172
4345,70
4346,177
4347,79
4348,57
4349,78
4350,105
4351,78
4352,164
4353,94
4354,11
4355,164
4356,65
4357,112
4358,191
4359,59
4360,3
4361,54
4362,1
4363,3
4364,143
4365,176
4366,105
4367,177
4368,163
4369,3
4370,146
4371,112
4372,91
4373,42
4374,8
4375,74
4376,46
4377,36
4378,50
4379,72
4380,175
4381,177
4382,35
4383,171
4384,5
4385,163
4386,108
4387,181
4388,52
4389,31
4390,99
4391,28
4392,155
4393,174
4394,157
4395,129
4396,111
4397,18
4398,69
4399,27
4400,163
4401,165
4402,59
4403,40
4404,25
4405,79
4406,197
4407,43
4408,75
4409,128
4410,174
4411,5
4412,50
4413,134
4414,60
4415,37
4416,13
4417,112
4418,195
4419,61
4420,71
4421,82
4422,62
4423,76
4424,37
4425,104
4426,107
4427,146
4428,192
4429,166
4430,72
4431,65
4432,9
4433,171
4434,172
4435,147
4436,144
4437,111
4438,20
4439,72
4440,178
4441,183
4442,99
4443,199
4444,162
4445,161
4446,17
4447,185
4448,23
4449,133
4450,106
4451,42
4452,12
4453,182
4454,197
4455,109
4456,71
4457,80
4458,79
4459,39
4460,92
4461,80
4462,97
4463,1
4464,90
4465,14
4466,137
4467,90
4468,57
4469,5
4470,192
4471,194
4472,65
4473,122
4474,99
4475,97
4476,166
4477,27
4478,154
4479,52
4480,147
4481,69
4482,3
4483,113
4484,67
4485,113
4486,188
4487,61
4488,18
4489,121
4490,192
4491,63
4492,146
4493,108
4494,60
4495,161
4496,186
4497,29
4498,172
4499,157
4500,9
4501,126
4502,107
4503,46
4504,69
4505,35
4506,5
4507,101
4508,42
4509,21
4510,98
4511,7
4512,108
4513,87
4514,167
4515,130
4516,64
4517,5
4518,39
4519,88
4520,72
4521,184
4522,161
4523,150
4524,11
4525,132
4526,162
4527,187
4528,141
4529,129
4530,160
4531,185
4532,25
4533,20
4534,103
4535,59
4536,74
4537,193
4538,191
4539,124
4540,3
4541,0
4542,85
4543,62
4544,140
4545,119
4546,135
4547,102
4548,157
4549,130
4550,112
4551,138
4552,17
4553,31
4554,113
4555,117
4556,179
4557,34
4558,10
4559,167
4560,148
4561,58
4562,145
4563,152
4564,174
4565,176
4566,3
4567,142
4568,182
4569,57
4570,33
4571,132
4572,161
4573,134
4574,32
4575,23
4576,55
4577,121
4578,34
4579,143
4580,173
4581,165
4582,75
4583,162
4584,126
4585,124
4586,7
4587,37
4588,134
4589,170
4590,131
4591,195
4592,168
4593,173
4594,67
4595,48
4596,179
4597,90
4598,11
4599,6
4600,142
4601,8
4602,7
4603,73
4604,158
4605,4
4606,19
4607,70
4608,143
4609,130
4610,175
4611,96
4612,133
4613,106
4614,162
4615,128
4616,77
4617,106
4618,36
4619,141
4620,196
4621,31
4622,186
4623,44
4624,164
4625,49
4626,108
4627,86
4628,169
4629,65
4630,51
4631,79
4632,71
4633,11
4634,79
4635,30
4636,74
4637,149
4638,19
4639,11
4640,138
4641,166
4642,71
4643,168
4644,75
4645,174
4646,117
4647,17
4648,144
4649,51
4650,16
4651,46
4652,178
4653,31
4654,136
4655,182
4656,4
4657,108
4658,110
4659,158
4660,1
4661,65
4662,133
4663,104
4664,31
4665,11
4666,197
4667,115
4668,7
4669,17
4670,97
4671,120
4672,75
4673,142
4674,18
4675,112
4676,17
4677,35
4678,167
4679,109
4680,52
4681,35
4682,28
4683,17
4684,11
4685,97
4686,145
4687,149
4688,100
4689,150
4690,30
4691,56
4692,23
4693,15
4694,84
4695,165
4696,7
4697,176
4698,151
4699,173
4700,38
4701,36
4702,40
4703,127
4704,82
4705,180
4706,1
4707,101
4708,165
4709,36
4710,75
4711,137
4712,142
4713,199
4714,68
4715,70
4716,129
4717,79
4718,88
4719,90
4720,9
4721,150
4722,62
4723,157
4724,152
4725,13
4726,178
4727,126
4728,195
4729,68
4730,93
4731,6
4732,112
4733,192
4734,168
4735,187
4736,20
4737,34
4738,28
4739,4
4740,91
4741,144
4742,116
4743,142
4744,187
4745,151
4746,183
4747,114
4748,151
4749,11
4750,132
4751,126
4752,57
4753,66
4754,117
4755,167
4756,44
4757,113
4758,28
4759,13
4760,88
4761,124
4762,56
4763,88
4764,112
4765,9
4766,158
4767,65
4768,187
4769,128
4770,52
4771,4
4772,98
4773,71
4774,69
4775,86
4776,198
4777,169
4778,51
4779,14
4780,72
4781,76
4782,24
4783,156
4784,165
4785,110
4786,190
4787,56
4788,59
4789,138
4790,146
4791,109
4792,142
4793,183
4794,116
4795,191
4796,124
4797,139
4798,195
4799,105
4800,105
4801,176
4802,105
4803,95
4804,50
4805,151
4806,199
4807,74
4808,4
4809,49
4810,64
4811,130
4812,8
4813,40
4814,111
4815,145
4816,120
4817,18
4818,150
4819,170
4820,91
4821,23
4822,4
4823,175
4824,190
4825,173
4826,95
4827,106
4828,57
4829,131
4830,77
4831,15
4832,30
4833,69
4834,142
4835,167
4836,105
4837,161
4838,69
4839,190
4840,142
4841,84
4842,29
4843,101
4844,139
4845,51
4846,105
4847,59
4848,138
4849,112
4850,81
4851,88
4852,51
4853,192
4854,182
4855,49
4856,152
4857,123
4858,36
4859,3
4860,10
4861,54
4862,115
4863,78
4864,87
4865,26
4866,163
4867,13
4868,89
4869,75
4870,107
4871,172
4872,47
4873,193
4874,174
4875,15
4876,65
4877,107
4878,195
4879,41
4880,65
4881,160
4882,66
4883,102
4884,129
4885,47
4886,131
4887,43
4888,15
4889,121
4890,75
4891,60
4892,47
4893,3
4894,34
4895,109
4896,95
4897,18
4898,23
4899,43
4900,89
4901,33
4902,25
4903,180
4904,13
4905,167
4906,161
4907,132
4908,108
4909,28
4910,56
4911,126
4912,169
4913,47
4914,92
4915,56
4916,189
4917,35
4918,1
4919,193
4920,177
4921,173
4922,50
4923,96
4924,51
4925,125
4926,187
4927,195
4928,120
4929,28
4930,82
4931,128
4932,147
4933,79
4934,43
4935,68
4936,25
4937,146
4938,100
4939,124
4940,1
4941,163
4942,196
4943,98
4944,127
4945,70
4946,176
4947,2
4948,116
4949,48
4950,107
4951,184
4952,17
4953,117
4954,198
4955,131
4956,161
4957,114
4958,105
4959,165
4960,106
4961,45
4962,35
4963,104
4964,55
4965,189
4966,134
4967,66
4968,30
4969,85
4970,129
4971,111
4972,178
4973,118
4974,88
4975,79
4976,73
4977,149
4978,131
4979,197
4980,155
4981,172
4982,101
4983,33
4984,182
4985,96
4986,81
4987,194
4988,22
4989,110
4990,106
4991,130
4992,57
4993,100
4994,194
4995,122
4996,74
4997,112
4998,47
4999,87
5000,62
5001,199
5002,163
5003,76
5004,137
5005,112
5006,170
5007,30
5008,112
5009,54
5010,94
5011,134
5012,38
5013,135
5014,9
5015,100
5016,193
5017,103
5018,139
5019,157
5020,72
5021,147
5022,96
5023,59
5024,15
5025,49
5026,98
5027,130
5028,25
5029,170
5030,27
5031,94
5032,110
5033,153
5034,114
5035,23
5036,194
5037,7
5038,90
5039,72
5040,53
5041,16
5042,93
5043,152
5044,80
5045,5
5046,24
5047,101
5048,45
5049,62
5050,73
5051,105
5052,71
5053,15
5054,177
5055,38
5056,60
5057,106
5058,9
5059,58
5060,31
5061,144
5062,86
5063,63
5064,175
5065,22
5066,119
5067,77
5068,66
5069,184
5070,124
5071,1
5072,68
5073,50
5074,153
5075,83
5076,8
5077,61
5078,100
5079,46
5080,107
5081,139
5082,51
5083,174
5084,115
5085,31
5086,113
5087,198
5088,10
5089,139
5090,178
5091,87
5092,66
5093,53
5094,94
5095,183
5096,107
5097,189
5098,170
5099,36
5100,39
5101,17
5102,193
5103,39
5104,14
5105,188
5106,102
5107,9
5108,149
5109,50
5110,77
5111,173
5112,10
5113,22
5114,154
5115,179
5116,91
5117,105
5118,195
5119,112
5120,133
5121,34
5122,143
5123,89
5124,178
5125,144
5126,85
5127,20
5128,7
5129,97
5130,140
5131,135
5132,80
5133,6
5134,70
5135,140
5136,68
5137,6
5138,44
5139,93
5140,143
5141,148
5142,64
5143,7
5144,21
5145,192
5146,183
5147,174
5148,106
5149,169
5150,45
5151,25
5152,155
5153,169
5154,66
5155,149
5156,1
5157,22
5158,78
5159,133
5160,81
5161,60
5162,152
5163,156
5164,111
5165,122
5166,175
5167,164
5168,140
5169,95
5170,188
5171,110
5172,106
5173,106
5174,44
5175,115
5176,169
5177,153
5178,23
5179,129
5180,135
5181,3
5182,143
5183,10
5184,161
5185,61
5186,88
5187,135
5188,165
5189,25
5190,78
5191,78
5192,144
5193,90
5194,63
5195,112
5196,27
5197,78
5198,176
5199,132
5200,72
5201,193
5202,176
5203,67
5204,193
5205,175
5206,116
5207,138
5208,154
5209,174
5210,112
5211,58
5212,5
5213,95
5214,38
5215,122
5216,119
5217,58
5218,82
5219,65
5220,167
5221,97
5222,81
5223,99
5224,153
5225,186
5226,42
5227,85
5228,31
5229,104
5230,42
5231,130
5232,44
5233,14
5234,134
5235,113
5236,164
5237,34
5238,10
5239,129
5240,17
5241,198
5242,51
5243,133
5244,188
5245,68
5246,114
5247,168
5248,160
5249,100
5250,101
5251,102
5252,177
5253,47
5254,100
5255,2
5256,119
5257,39
5258,105
5259,72
5260,179
5261,97
5262,192
5263,20
5264,108
5265,86
5266,67
5267,177
5268,127
5269,160
5270,163
5271,108
5272,85
5273,137
5274,91
5275,167
5276,54
5277,15
5278,87
5279,187
5280,105
5281,117
5282,64
5283,103
5284,136
5285,27
5286,21
5287,29
5288,164
5289,195
5290,44
5291,184
5292,44
5293,92
5294,22
5295,170
5296,62
5297,173
5298,186
5299,116
5300,150
5301,128
5302,141
5303,76
5304,58
5305,141
5306,4
5307,78
5308,124
5309,98
5310,36
5311,126
5312,128
5313,82
5314,13
5315,155
5316,150
5317,68
5318,104
5319,52
5320,63
5321,4
5322,98
5323,131
5324,26
5325,96
5326,101
5327,64
5328,175
5329,177
5330,119
5331,17
5332,110
5333,77
5334,66
5335,113
5336,167
5337,30
5338,192
5339,125
5340,59
5341,60
5342,140
5343,159
5344,112
5345,168
5346,43
5347,96
5348,184
5349,141
5350,60
5351,173
5352,69
5353,57
5354,1
5355,76
5356,120
5357,77
5358,153
5359,12
5360,114
5361,16
5362,50
5363,130
5364,151
5365,7
5366,74
5367,82
5368,24
5369,26
5370,92
5371,36
5372,130
5373,141
5374,109
5375,138
5376,98
5377,60
5378,9
5379,44
5380,134
5381,187
5382,186
5383,9
5384,85
5385,156
5386,34
5387,189
5388,126
5389,124
5390,39
5391,8
5392,14
5393,91
5394,144
5395,28
5396,120
5397,46
5398,163
5399,180
5400,91
5401,160
5402,81
5403,155
5404,63
5405,12
5406,136
5407,57
5408,17
5409,192
5410,171
5411,8
5412,172
5413,154
5414,7
5415,28
5416,108
5417,199
5418,31
5419,93
5420,55
5421,195
5422,117
5423,187
5424,190
5425,146
5426,70
5427,47
5428,58
5429,121
5430,187
5431,107
5432,97
5433,192
5434,134
5435,47
5436,112
5437,91
5438,111
5439,95
5440,159
5441,109
5442,8
5443,100
5444,77
5445,191
5446,199
5447,119
5448,145
5449,180
5450,84
5451,78
5452,177
5453,98
5454,168
5455,96
5456,122
5457,199
5458,150
5459,55
5460,54
5461,34
5462,79
5463,196
5464,4
5465,134
5466,10
5467,166
5468,55
5469,9
5470,92
5471,74
5472,130
5473,63
5474,135
5475,88
5476,155
5477,57
5478,162
5479,15
5480,128
5481,196
5482,37
5483,154
5484,189
5485,162
5486,115
5487,126
5488,161
5489,4
5490,163
5491,65
5492,199
5493,134
5494,56
5495,162
5496,134
5497,133
5498,58
5499,68
5500,73
5501,98
5502,16
5503,195
5504,40
5505,149
5506,14
5507,50
5508,34
5509,13
5510,124
5511,98
5512,59
5513,170
5514,110
5515,103
5516,164
5517,188
5518,196
5519,197
5520,172
5521,56
5522,101
5523,110
5524,113
5525,18
5526,154
5527,88
5528,43
5529,152
5530,79
5531,133
5532,2
5533,179
5534,63
5535,181
5536,67
5537,198
5538,27
5539,176
5540,132
5541,32
5542,24
5543,9
5544,143
5545,65
5546,144
5547,29
5548,75
5549,46
5550,49
5551,170
5552,111
5553,112
5554,36
5555,17
5556,147
5557,69
5558,45
5559,127
5560,71
5561,133
5562,54
5563,52
5564,131
5565,197
5566,61
5567,133
5568,123
5569,78
5570,132
5571,136
5572,111
5573,6
5574,84
5575,24
5576,60
5577,43
5578,139
5579,50
5580,181
5581,87
5582,103
5583,177
5584,170
5585,42
5586,38
5587,177
5588,172
5589,101
5590,2
5591,87
5592,138
5593,188
5594,139
5595,4
5596,5
5597,119
5598,78
5599,173
5600,49
5601,131
5602,147
5603,99
5604,71
5605,152
5606,148
5607,78
5608,164
5609,55
5610,37
5611,160
5612,180
5613,90
5614,29
5615,74
5616,85
5617,39
5618,108
5619,52
5620,63
5621,89
5622,80
5623,45
5624,97
5625,125
5626,30
5627,15
5628,27
5629,22
5630,0
5631,184
5632,22
5633,127
5634,190
5635,101
5636,72
5637,145
5638,101
5639,197
5640,68
5641,147
5642,12
5643,164
5644,186
5645,90
5646,99
5647,165
5648,184
5649,39
5650,99
5651,161
5652,16
5653,162
5654,107
5655,36
5656,68
5657,51
5658,15
5659,194
5660,154
5661,155
5662,114
5663,66
5664,99
5665,143
5666,26
5667,10
5668,177
5669,97
5670,30
5671,155
5672,63
5673,68
5674,23
5675,70
5676,85
5677,177
5678,112
5679,187
5680,0
5681,109
5682,110
5683,106
5684,120
5685,152
5686,82
5687,130
5688,56
5689,104
5690,62
5691,128
5692,101
5693,110
5694,44
5695,58
5696,180
5697,24
5698,199
5699,6
5700,115
5701,43
5702,112
5703,115
5704,112
5705,109
5706,162
5707,111
5708,161
5709,2
5710,153
5711,97
5712,180
5713,14
5714,82
5715,51
5716,172
5717,114
5718,161
5719,62
5720,29
5721,179
5722,162
5723,197
5724,83
5725,69
5726,41
5727,26
5728,75
5729,5
5730,163
5731,11
5732,10
5733,42
5734,186
5735,188
5736,110
5737,133
5738,58
5739,75
5740,199
5741,16
5742,94
5743,187
5744,114
5745,19
5746,197
5747,36
5748,99
5749,125
5750,100
5751,109
5752,191
5753,49
5754,24
5755,176
5756,32
5757,113
5758,84
5759,97
5760,47
5761,8
5762,42
5763,62
5764,149
5765,164
5766,118
5767,108
5768,94
5769,193
5770,94
5771,98
5772,46
5773,55
5774,97
5775,102
5776,3
5777,169
5778,185
5779,25
5780,182
5781,102
5782,177
5783,21
5784,30
5785,51
5786,32
5787,23
5788,135
5789,52
5790,142
5791,130
5792,87
5793,155
5794,132
5795,108
5796,133
5797,156
5798,142
5799,162
5800,117
5801,163
5802,145
5803,70
5804,167
5805,28
5806,30
5807,150
5808,74
5809,6
5810,21
5811,129
5812,134
5813,80
5814,48
5815,88
5816,179
5817,49
5818,149
5819,47
5820,126
5821,155
5822,41
5823,77
5824,126
5825,167
5826,111
5827,111
5828,139
5829,41
5830,22
5831,134
5832,68
5833,44
5834,140
5835,102
5836,90
5837,106
5838,69
5839,3
5840,193
5841,147
5842,11
5843,62
5844,27
5845,164
5846,57
5847,103
5848,43
5849,165
5850,78
5851,114
5852,87
5853,191
5854,27
5855,184
5856,98
5857,47
5858,195
5859,73
5860,168
5861,78
5862,50
5863,145
5864,38
5865,84
5866,155
5867,99
5868,169
5869,81
5870,146
5871,83
5872,102
5873,162
5874,161
5875,145
5876,92
5877,68
5878,101
5879,118
5880,62
5881,186
5882,44
5883,175
5884,70
5885,34
5886,154
5887,80
5888,92
5889,136
5890,101
5891,158
5892,61
5893,122
5894,140
5895,49
5896,153
5897,113
5898,95
5899,142
5900,138
5901,163
5902,75
5903,89
5904,97
5905,180
5906,77
5907,30
5908,39
5909,102
5910,99
5911,23
5912,160
5913,137
5914,104
5915,70
5916,30
5917,150
5918,126
5919,183
5920,171
5921,111
5922,36
5923,2
5924,185
5925,180
5926,140
5927,166
5928,23
5929,24
5930,44
5931,148
5932,86
5933,96
5934,9
5935,16
5936,153
5937,179
5938,66
5939,60
5940,40
5941,154
5942,43
5943,134
5944,179
5945,169
5946,49
5947,22
5948,100
5949,164
5950,133
5951,147
5952,9
5953,91
5954,130
5955,143
5956,101
5957,189
5958,42
5959,159
5960,84
5961,82
5962,44
5963,7
5964,57
5965,144
5966,81
5967,36
5968,32
5969,36
5970,50
5971,152
5972,130
5973,90
5974,9
5975,196
5976,70
5977,113
5978,8
5979,94
5980,104
5981,85
5982,41
5983,40
5984,75
5985,129
5986,80
5987,108
5988,8
5989,49
5990,106
5991,141
5992,7
5993,42
5994,27
5995,189
5996,60
5997,88
5998,127
5999,104
6000,44
6001,102
6002,133
6003,111
6004,19
6005,152
6006,195
6007,134
6008,44
6009,94
6010,20
6011,198
6012,1
6013,162
6014,128
6015,149
6016,109
6017,97
6018,126
6019,74
6020,94
6021,36
6022,144
6023,113
6024,40
6025,66
6026,177
6027,105
6028,142
6029,117
6030,102
6031,199
6032,83
6033,17
6034,142
6035,150
6036,12
6037,183
6038,86
6039,15
6040,145
6041,82
6042,87
6043,10
6044,170
6045,153
6046,66
6047,191
6048,8
6049,55
6050,163
6051,146
6052,170
6053,136
6054,183
6055,141
6056,151
6057,16
6058,142
6059,33
6060,162
6061,166
6062,95
6063,73
6064,1
6065,21
6066,12
6067,144
6068,105
6069,78
6070,147
6071,25
6072,44
6073,49
6074,54
6075,172
6076,6
6077,113
6078,162
6079,153
6080,114
6081,118
6082,163
6083,185
6084,52
6085,76
6086,2
6087,90
6088,62
6089,36
6090,111
6091,43
6092,87
6093,6
6094,96
6095,122
6096,10
6097,183
6098,192
6099,157
6100,186
6101,38
6102,74
6103,146
6104,63
6105,75
6106,74
6107,92
6108,169
6109,138
6110,155
6111,101
6112,173
6113,22
6114,18
6115,88
6116,35
6117,58
6118,124
6119,38
6120,153
6121,39
6122,93
6123,118
6124,0
6125,196
6126,59
6127,101
6128,182
6129,60
6130,108
6131,22
6132,119
6133,134
6134,112
6135,155
6136,74
6137,111
6138,163
6139,98
6140,62
6141,98
6142,58
6143,64
6144,17
6145,114
6146,0
6147,162
6148,148
6149,105
6150,142
6151,98
6152,29
6153,118
6154,31
6155,9
6156,165
6157,185
6158,136
6159,126
6160,199
6161,0
6162,185
6163,60
6164,70
6165,74
6166,140
6167,13
6168,14
6169,196
6170,114
6171,39
6172,20
6173,197
6174,70
6175,175
6176,28
6177,181
6178,42
6179,125
6180,191
6181,13
6182,196
6183,6
6184,21
6185,38
6186,91
6187,46
6188,8
6189,167
6190,147
6191,162
6192,1
6193,68
6194,126
6195,176
6196,22
6197,146
6198,133
6199,12
6200,30
6201,159
6202,171
6203,198
6204,150
6205,57
6206,95
6207,148
6208,163
6209,41
6210,89
6211,2
6212,75
6213,8
6214,10
6215,12
6216,169
6217,148
6218,161
6219,100
6220,186
6221,32
6222,11
6223,118
6224,122
6225,131
6226,138
6227,128
6228,149
6229,23
6230,53
6231,97
6232,89
6233,165
6234,172
6235,137
6236,75
6237,16
6238,173
6239,111
6240,147
6241,102
6242,61
6243,103
6244,90
6245,86
6246,186
6247,61
6248,112
6249,119
6250,63
6251,40
6252,151
6253,177
6254,4
6255,54
6256,55
6257,16
6258,75
6259,100
6260,121
6261,128
6262,187
6263,16
6264,11
6265,4
6266,103
6267,34
6268,150
6269,103
6270,53
6271,106
6272,66
6273,12
6274,172
6275,54
6276,71
6277,156
6278,182
6279,53
6280,147
6281,175
6282,62
6283,151
6284,150
6285,103
6286,109
6287,123
6288,186
6289,18
6290,98
6291,62
6292,84
6293,4
6294,26
6295,48
6296,57
6297,158
6298,92
6299,155
6300,112
6301,127
6302,10
6303,41
6304,72
6305,17
6306,55
6307,66
6308,38
6309,7
6310,50
6311,142
6312,129
6313,58
6314,73
6315,89
6316,65
6317,117
6318,143
6319,181
6320,193
6321,178
6322,44
6323,78
6324,65
6325,185
6326,170
6327,75
6328,75
6329,150
6330,78
6331,160
6332,146
6333,156
6334,101
6335,112
6336,54
6337,97
6338,29
6339,73
6340,9
6341,144
6342,104
6343,124
6344,117
6345,132
6346,61
6347,92
6348,140
6349,76
6350,143
6351,11
6352,177
6353,39
6354,1
6355,76
6356,106
6357,94
6358,76
6359,131
6360,38
6361,193
6362,107
6363,152
6364,194
6365,16
6366,135
6367,112
6368,71
6369,34
6370,80
6371,63
6372,108
6373,53
6374,4
6375,79
6376,89
6377,138
6378,36
6379,70
6380,112
6381,154
6382,86
6383,86
6384,66
6385,17
6386,189
6387,37
6388,12
6389,165
6390,147
6391,141
6392,141
6393,194
6394,95
6395,190
6396,128
6397,190
6398,25
6399,22
6400,136
6401,190
6402,124
6403,114
6404,38
6405,31
6406,45
6407,129
6408,69
6409,158
6410,139
6411,58
6412,15
6413,34
6414,158
6415,52
6416,14
6417,33
6418,57
6419,119
6420,145
6421,28
6422,193
6423,161
6424,194
6425,110
6426,38
6427,13
6428,88
6429,71
6430,86
6431,45
6432,40
6433,52
6434,102
6435,35
6436,102
6437,172
6438,198
6439,152
6440,45
6441,68
6442,31
6443,43
6444,112
6445,0
6446,87
6447,59
6448,152
6449,161
6450,181
6451,82
6452,119
6453,159
6454,39
6455,197
6456,17
6457,89
6458,104
6459,29
6460,93
6461,170
6462,90
6463,186
6464,153
6465,66
6466,164
6467,28
6468,137
6469,161
6470,83
6471,13
6472,39
6473,96
6474,162
6475,34
6476,85
6477,119
6478,133
6479,61
6480,78
6481,73
6482,180
6483,19
6484,88
6485,90
6486,45
6487,4
6488,98
6489,88
6490,177
6491,102
6492,99
6493,132
6494,61
6495,191
6496,22
6497,118
6498,111
6499,124
6500,187
6501,107
6502,45
6503,29
6504,109
6505,105
6506,42
6507,187
6508,109
6509,140
6510,159
6511,23
6512,147
6513,147
6514,58
6515,155
6516,30
6517,25
6518,193
6519,57
6520,81
6521,158
6522,197
6523,40
6524,169
6525,143
6526,150
6527,85
6528,0
6529,75
6530,135
6531,122
6532,189
6533,30
6534,146
6535,197
6536,169
6537,121
6538,125
6539,140
6540,145
6541,155
6542,189
6543,150
6544,38
6545,177
6546,78
6547,190
6548,90
6549,47
6550,103
6551,90
6552,52
6553,91
6554,43
6555,179
6556,95
6557,59
6558,0
6559,18
6560,38
6561,20
6562,42
6563,4
6564,82
6565,52
6566,50
6567,50
6568,7
6569,64
6570,100
6571,74
6572,156
6573,42
6574,33
6575,148
6576,191
6577,76
6578,155
6579,165
6580,149
6581,63
6582,128
6583,166
6584,52
6585,104
6586,160
6587,20
6588,149
6589,45
6590,189
6591,9
6592,42
6593,186
6594,169
6595,86
6596,45
6597,147
6598,150
6599,20
6600,115
6601,130
6602,64
6603,193
6604,112
6605,6
6606,54
6607,31
6608,4
6609,35
6610,143
6611,81
6612,26
6613,69
6614,105
6615,16
6616,47
6617,120
6618,20
6619,92
6620,143
6621,114
6622,172
6623,101
6624,67
6625,61
6626,85
6627,91
6628,82
6629,102
6630,51
6631,118
6632,47
6633,57
6634,125
6635,194
6636,9
6637,174
6638,12
6639,61
6640,1
6641,191
6642,146
6643,102
6644,112
6645,72
6646,149
6647,21
6648,62
6649,66
6650,78
6651,122
6652,90
6653,118
6654,107
6655,81
6656,60
6657,110
6658,77
6659,192
6660,49
6661,122
6662,98
6663,94
6664,68
6665,74
6666,156
6667,73
6668,160
6669,84
6670,154
6671,71
6672,51
6673,31
6674,39
6675,115
6676,169
6677,142
6678,199
6679,26
6680,21
6681,182
6682,111
6683,48
6684,111
6685,140
6686,124
6687,83
6688,84
6689,119
6690,155
6691,199
6692,188
6693,24
6694,158
6695,191
6696,153
6697,186
6698,182
6699,179
6700,52
6701,184
6702,85
6703,149
6704,140
6705,67
6706,13
6707,103
6708,31
6709,38
6710,92
6711,11
6712,129
6713,5
6714,60
6715,171
6716,132
6717,107
6718,72
6719,117
6720,134
6721,18
6722,168
6723,143
6724,140
6725,125
6726,84
6727,104
6728,77
6729,108
6730,120
6731,29
6732,154
6733,14
6734,143
6735,30
6736,136
6737,127
6738,137
6739,3
6740,127
6741,112
6742,38
6743,123
6744,162
6745,121
6746,134
6747,22
6748,57
6749,111
6750,121
6751,12
6752,30
6753,8
6754,34
6755,143
6756,71
6757,10
6758,170
6759,135
6760,191
6761,29
6762,154
6763,46
6764,102
6765,86
6766,0
6767,24
6768,14
6769,129
6770,133
6771,11
6772,38
6773,94
6774,124
6775,104
6776,120
6777,95
6778,73
6779,100
6780,2
6781,166
6782,92
6783,16
6784,164
6785,147
6786,39
6787,180
6788,78
6789,162
6790,165
6791,82
6792,85
6793,157
6794,2
6795,110
6796,106
6797,133
6798,170
6799,18
6800,162
6801,132
6802,129
6803,163
6804,40
6805,28
6806,128
6807,197
6808,172
6809,128
6810,23
6811,76
6812,156
6813,27
6814,53
6815,173
6816,12
6817,127
6818,104
6819,180
6820,190
6821,100
6822,194
6823,17
6824,191
6825,39
6826,148
6827,118
6828,126
6829,31
6830,181
6831,197
6832,135
6833,36
6834,71
6835,121
6836,158
6837,38
6838,118
6839,74
6840,74
6841,198
6842,171
6843,45
6844,80
6845,63
6846,69
6847,109
6848,38
6849,191
6850,169
6851,3
6852,186
6853,147
6854,76
6855,155
6856,186
6857,8
6858,145
6859,50
6860,180
6861,189
6862,149
6863,114
6864,56
6865,140
6866,130
6867,175
6868,62
6869,65
6870,161
6871,175
6872,158
6873,178
6874,113
6875,102
6876,32
6877,75
6878,121
6879,185
6880,196
6881,196
6882,169
6883,176
6884,14
6885,135
6886,106
6887,121
6888,128
6889,165
6890,199
6891,74
6892,118
6893,145
6894,141
6895,132
6896,65
6897,77
6898,177
6899,38
6900,127
6901,125
6902,116
6903,104
6904,130
6905,38
6906,94
6907,58
6908,108
6909,22
6910,26
6911,112
6912,93
6913,111
6914,129
6915,173
6916,68
6917,162
6918,151
6919,92
6920,182
6921,198
6922,182
6923,20
6924,77
6925,66
6926,196
6927,73
6928,122
6929,29
6930,123
6931,146
6932,192
6933,57
6934,27
6935,155
6936,185
6937,74
6938,67
6939,196
6940,185
6941,116
6942,53
6943,135
6944,95
6945,194
6946,144
6947,143
6948,194
6949,14
6950,174
6951,11
6952,88
6953,7
6954,105
6955,80
6956,2
6957,168
6958,47
6959,128
6960,52
6961,32
6962,21
6963,69
6964,12
6965,186
6966,0
6967,26
6968,45
6969,19
6970,175
6971,177
6972,77
6973,95
6974,89
6975,81
6976,29
6977,45
6978,109
6979,60
6980,146
6981,0
6982,49
6983,183
6984,192
6985,169
6986,148
6987,37
6988,142
6989,162
6990,10
6991,31
6992,20
6993,144
6994,189
6995,60
6996,189
6997,188
6998,1
6999,118
7000,163
7001,113
7002,197
7003,62
7004,178
7005,95
7006,183
7007,30
7008,170
7009,147
7010,3
7011,129
7012,136
7013,152
7014,14
7015,120
7016,24
7017,127
7018,141
7019,68
7020,91
7021,29
7022,110
7023,104
7024,49
7025,81
7026,8
7027,71
7028,122
7029,101
7030,38
7031,27
7032,176
7033,87
7034,174
7035,34
7036,15
7037,145
7038,82
7039,169
7040,80
7041,140
7042,9
7043,156
7044,122
7045,31
7046,72
7047,63
7048,40
7049,102
7050,117
7051,22
7052,75
7053,88
7054,160
7055,50
7056,107
7057,183
7058,152
7059,60
7060,128
7061,92
7062,163
7063,30
7064,117
7065,99
7066,193
7067,36
7068,134
7069,83
7070,177
7071,33
7072,7
7073,15
7074,16
7075,198
7076,123
7077,195
7078,72
7079,128
7080,95
7081,125
7082,129
7083,94
7084,198
7085,119
7086,66
7087,65
7088,86
7089,61
7090,184
7091,51
7092,42
7093,86
7094,75
7095,107
7096,188
7097,6
7098,188
7099,157
7100,197
7101,124
7102,7
7103,89
7104,102
7105,169
7106,193
7107,24
7108,140
7109,166
7110,103
7111,111
7112,36
7113,76
7114,47
7115,90
7116,74
7117,115
7118,76
7119,24
7120,59
7121,43
7122,21
7123,108
7124,42
7125,47
7126,180
7127,82
7128,22
7129,57
7130,129
7131,170
7132,1
7133,84
7134,143
7135,197
7136,44
7137,94
7138,7
7139,105
7140,13
7141,171
7142,14
7143,1
7144,104
7145,178
7146,25
7147,153
7148,65
7149,134
7150,7
7151,8
7152,189
7153,2
7154,140
7155,58
7156,134
7157,66
7158,164
7159,72
7160,92
7161,188
7162,72
7163,35
7164,74
7165,125
7166,100
7167,182
7168,149
7169,176
7170,181
7171,79
7172,26
7173,58
7174,40
7175,197
7176,123
7177,14
7178,127
7179,119
7180,141
7181,25
7182,137
7183,35
7184,197
7185,173
7186,77
7187,154
7188,110
7189,96
7190,102
7191,107
7192,169
7193,160
7194,186
7195,82
7196,122
7197,25
7198,12
7199,170
7200,154
7201,122
7202,31
7203,119
7204,175
7205,77
7206,112
7207,193
7208,148
7209,93
7210,191
7211,27
7212,157
7213,20
7214,37
7215,159
7216,102
7217,2
7218,157
7219,117
7220,161
7221,132
7222,165
7223,5
7224,68
7225,87
7226,77
7227,159
7228,18
7229,69
7230,155
7231,173
7232,96
7233,137
7234,134
7235,182
7236,29
7237,160
7238,124
7239,66
7240,116
7241,151
7242,87
7243,65
7244,66
7245,55
7246,53
7247,73
7248,93
7249,162
7250,92
7251,156
7252,166
7253,24
7254,75
7255,68
7256,33
7257,2
7258,198
7259,141
7260,36
7261,155
7262,141
7263,117
7264,183
7265,190
7266,38
7267,123
7268,197
7269,92
7270,8
7271,98
7272,98
7273,25
7274,67
7275,182
7276,64
7277,100
7278,54
7279,109
7280,191
7281,91
7282,23
7283,75
7284,111
7285,163
7286,81
7287,92
7288,103
7289,101
7290,26
7291,193
7292,58
7293,165
7294,185
7295,190
7296,61
7297,141
7298,172
7299,162
7300,77
7301,124
7302,135
7303,119
7304,30
7305,24
7306,87
7307,179
7308,68
7309,106
7310,187
7311,144
7312,163
7313,72
7314,148
7315,187
7316,67
7317,29
7318,79
7319,167
7320,146
7321,94
7322,110
7323,114
7324,119
7325,46
7326,187
7327,24
7328,149
7329,92
7330,176
7331,98
7332,91
7333,87
7334,30
7335,193
7336,172
7337,58
7338,129
7339,196
7340,55
7341,196
7342,169
7343,53
7344,166
7345,92
7346,52
7347,193
7348,121
7349,152
7350,61
7351,185
7352,156
7353,104
7354,109
7355,96
7356,102
7357,121
7358,69
7359,119
7360,44
7361,189
7362,144
7363,156
7364,147
7365,106
7366,5
7367,157
7368,88
7369,157
7370,19
7371,153
7372,39
7373,112
7374,122
7375,115
7376,60
7377,105
7378,14
7379,78
7380,24
7381,179
7382,60
7383,166
7384,25
7385,73
7386,83
7387,26
7388,136
7389,193
7390,154
7391,179
7392,177
7393,143
7394,132
7395,116
7396,73
7397,33
7398,141
7399,28
7400,128
7401,33
7402,29
7403,188
7404,103
7405,146
7406,9
7407,43
7408,48
7409,12
7410,183
7411,126
7412,112
7413,60
7414,13
7415,93
7416,64
7417,68
7418,143
7419,146
7420,28
7421,109
7422,19
7423,133
7424,122
7425,39
7426,124
7427,113
7428,66
7429,100
7430,6
7431,192
7432,137
7433,94
7434,17
7435,155
7436,126
7437,9
7438,17
7439,82
7440,52
7441,198
7442,106
7443,99
7444,136
7445,4
7446,83
7447,59
7448,64
7449,191
7450,175
7451,167
7452,190
7453,178
7454,28
7455,176
7456,56
7457,189
7458,193
7459,97
7460,88
7461,55
7462,120
7463,15
7464,69
7465,115
7466,180
7467,196
7468,5
7469,167
7470,4
7471,173
7472,193
7473,184
7474,12
7475,118
7476,141
7477,130
7478,110
7479,16
7480,86
7481,185
7482,199
7483,46
7484,99
7485,84
7486,126
7487,33
7488,7
7489,89
7490,45
7491,101
7492,167
7493,39
7494,144
7495,197
7496,120
7497,127
7498,100
7499,132
7500,116
7501,118
7502,32
7503,134
7504,145
7505,156
7506,44
7507,57
7508,48
7509,132
7510,28
7511,63
7512,103
7513,38
7514,39
7515,147
7516,136
7517,46
7518,88
7519,193
7520,9
7521,81
7522,153
7523,48
7524,193
7525,40
7526,2
7527,127
7528,20
7529,92
7530,65
7531,85
7532,106
7533,25
7534,195
7535,85
7536,184
7537,112
7538,190
7539,179
7540,18
7541,129
7542,137
7543,108
7544,150
7545,144
7546,146
7547,119
7548,21
7549,54
7550,146
7551,23
7552,112
7553,91
7554,90
7555,198
7556,187
7557,88
7558,49
7559,53
7560,136
7561,1
7562,13
7563,146
7564,194
7565,121
7566,128
7567,23
7568,118
7569,143
7570,34
7571,142
7572,57
7573,134
7574,120
7575,150
7576,176
7577,41
7578,75
7579,114
7580,65
7581,94
7582,115
7583,147
7584,170
7585,103
7586,5
7587,23
7588,136
7589,175
7590,21
7591,172
7592,52
7593,54
7594,96
7595,160
7596,197
7597,88
7598,166
7599,34
7600,68
7601,85
7602,11
7603,117
7604,12
7605,43
7606,68
7607,187
7608,147
7609,36
7610,10
7611,89
7612,74
7613,81
7614,193
7615,35
7616,9
7617,141
7618,149
7619,197
7620,11
7621,186
7622,173
7623,102
7624,59
7625,167
7626,93
7627,108
7628,110
7629,36
7630,28
7631,189
7632,21
7633,108
7634,185
7635,52
7636,165
7637,152
7638,111
7639,4
7640,155
7641,56
7642,84
7643,186
7644,156
7645,94
7646,143
7647,13
7648,29
7649,147
7650,66
7651,62
7652,186
7653,20
7654,31
7655,194
7656,32
7657,40
7658,136
7659,143
7660,173
7661,89
7662,154
7663,98
7664,97
7665,64
7666,2
7667,16
7668,114
7669,149
7670,2
7671,37
7672,93
7673,94
7674,199
7675,61
7676,175
7677,170
7678,84
7679,161
7680,75
7681,90
7682,3
7683,119
7684,131
7685,127
7686,149
7687,71
7688,165
7689,65
7690,158
7691,99
7692,45
7693,62
7694,46
7695,26
7696,33
7697,102
7698,153
7699,147
7700,177
7701,75
7702,0
7703,144
7704,53
7705,102
7706,51
7707,66
7708,10
7709,145
7710,16
7711,149
7712,18
7713,14
7714,119
7715,111
7716,47
7717,145
7718,96
7719,175
7720,63
7721,165
7722,33
7723,85
7724,164
7725,13
7726,49
7727,1
7728,178
7729,65
7730,114
7731,163
7732,90
7733,33
7734,23
7735,88
7736,18
7737,124
7738,175
7739,195
7740,20
7741,9
7742,180
7743,145
7744,153
7745,9
7746,30
7747,51
7748,57
7749,108
7750,115
7751,199
7752,80
7753,31
7754,156
7755,151
7756,122
7757,12
7758,5
7759,149
7760,66
7761,123
7762,97
7763,82
7764,65
7765,114
7766,126
7767,170
7768,111
7769,20
7770,41
7771,11
7772,73
7773,131
7774,3
7775,89
7776,127
7777,162
7778,145
7779,53
7780,185
7781,22
7782,154
7783,30
7784,120
7785,4
7786,43
7787,122
7788,137
7789,98
7790,46
7791,112
7792,123
7793,199
7794,99
7795,78
7796,166
7797,185
7798,189
7799,37
7800,105
7801,27
7802,181
7803,38
7804,167
7805,61
7806,53
7807,90
7808,87
7809,170
7810,139
7811,104
7812,176
7813,19
7814,141
7815,70
7816,126
7817,102
7818,30
7819,101
7820,166
7821,129
7822,56
7823,91
7824,35
7825,91
7826,58
7827,83
7828,125
7829,87
7830,181
7831,192
7832,82
7833,8
7834,15
7835,79
7836,168
7837,82
7838,61
7839,188
7840,2
7841,172
7842,94
7843,177
7844,61
7845,160
7846,24
7847,136
7848,56
7849,113
7850,48
7851,26
7852,43
7853,20
7854,171
7855,97
7856,151
7857,56
7858,180
7859,150
7860,63
7861,162
7862,127
7863,3
7864,1
7865,142
7866,73
7867,144
7868,56
7869,11
7870,62
7871,191
7872,170
7873,28
7874,120
7875,129
7876,70
7877,191
7878,9
7879,194
7880,188
7881,33
7882,86
7883,146
7884,12
7885,0
7886,98
7887,87
7888,62
7889,59
7890,13
7891,30
7892,20
7893,46
7894,152
7895,16
7896,173
7897,19
7898,168
7899,179
7900,66
7901,194
7902,50
7903,147
7904,90
7905,47
7906,45
7907,118
7908,62
7909,125
7910,129
7911,165
7912,171
7913,72
7914,124
7915,32
7916,34
7917,11
7918,74
7919,131
7920,121
7921,163
7922,38
7923,186
7924,136
7925,41
7926,42
7927,82
7928,106
7929,6
7930,24
7931,85
7932,39
7933,35
7934,18
7935,42
7936,128
7937,91
7938,113
7939,33
7940,55
7941,82
7942,56
7943,83
7944,130
7945,99
7946,11
7947,191
7948,192
7949,33
7950,19
7951,88
7952,105
7953,88
7954,162
7955,122
7956,174
7957,24
7958,194
7959,88
7960,102
7961,35
7962,102
7963,126
7964,160
7965,27
7966,156
7967,131
7968,127
7969,39
7970,75
7971,33
7972,155
7973,164
7974,198
7975,124
7976,38
7977,75
7978,105
7979,127
7980,121
7981,96
7982,127
7983,164
7984,84
7985,114
7986,135
7987,165
7988,61
7989,47
7990,153
7991,107
7992,134
7993,192
7994,154
7995,18
7996,44
7997,127
7998,0
7999,136
8000,143
8001,90
8002,159
8003,81
8004,82
8005,50
8006,185
8007,192
8008,165
8009,150
8010,149
8011,88
8012,9
8013,23
8014,124
8015,44
8016,49
8017,37
8018,56
8019,121
8020,146
8021,133
8022,174
8023,66
8024,39
8025,132
8026,72
8027,134
8028,186
8029,95
8030,137
8031,61
8032,180
8033,83
8034,93
8035,25
8036,46
8037,144
8038,175
8039,132
8040,114
8041,143
8042,99
8043,81
8044,106
8045,92
8046,64
8047,57
8048,8
8049,82
8050,48
8051,82
8052,196
8053,56
8054,86
8055,175
8056,18
8057,92
8058,25
8059,152
8060,12
8061,154
8062,124
8063,89
8064,162
8065,59
8066,97
8067,98
8068,30
8069,152
8070,161
8071,170
8072,74
8073,183
8074,40
8075,17
8076,130
8077,133
8078,41
8079,110
8080,119
8081,1
8082,116
8083,74
8084,120
8085,93
8086,21
8087,145
8088,143
8089,188
8090,57
8091,167
8092,4
8093,106
8094,187
8095,29
8096,3
8097,199
8098,118
8099,184
8100,34
8101,65
8102,3
8103,163
8104,141
8105,82
8106,43
8107,97
8108,22
8109,148
8110,89
8111,5
8112,109
8113,133
8114,89
8115,16
8116,185
8117,162
8118,87
8119,36
8120,171
8121,191
8122,109
8123,23
8124,144
8125,1
8126,32
8127,126
8128,2
8129,39
8130,189
8131,103
8132,103
8133,96
8134,136
8135,160
8136,189
8137,60
8138,141
8139,184
8140,117
8141,55
8142,118
8143,47
8144,163
8145,111
8146,80
8147,67
8148,195
8149,4
8150,57
8151,192
8152,106
8153,125
8154,176
8155,123
8156,98
8157,96
8158,11
8159,34
8160,98
8161,136
8162,28
8163,161
8164,181
8165,74
8166,187
8167,192
8168,65
8169,25
8170,119
8171,86
8172,87
8173,0
8174,49
8175,146
8176,69
8177,15
8178,48
8179,78
8180,187
8181,130
8182,36
8183,125
8184,83
8185,54
8186,117
8187,138
8188,50
8189,186
8190,182
8191,30
8192,48
8193,47
8194,71
8195,122
8196,150
8197,25
8198,11
8199,98
8200,181
8201,104
8202,84
8203,156
8204,67
8205,72
8206,16
8207,72
8208,72
8209,92
8210,161
8211,193
8212,44
8213,188
8214,85
8215,5
8216,93
8217,133
8218,147
8219,163
8220,12
8221,49
8222,47
8223,176
8224,6
8225,190
8226,122
8227,48
8228,17
8229,55
8230,66
8231,81
8232,16
8233,167
8234,90
8235,19
8236,100
8237,48
8238,101
8239,48
8240,66
8241,42
8242,51
8243,149
8244,169
8245,30
8246,113
8247,177
8248,99
8249,3
8250,118
8251,198
8252,194
8253,150
8254,110
8255,77
8256,192
8257,197
8258,126
8259,35
8260,12
8261,137
8262,49
8263,39
8264,177
8265,14
8266,85
8267,82
8268,140
8269,58
8270,164
8271,23
8272,52
8273,182
8274,19
8275,153
8276,196
8277,96
8278,88
8279,125
8280,1
8281,131
8282,192
8283,22
8284,43
8285,5
8286,122
8287,191
8288,146
8289,4
8290,20
8291,111
8292,15
8293,6
8294,103
8295,40
8296,188
8297,191
8298,56
8299,117
8300,195
8301,176
8302,115
8303,74
8304,129
8305,73
8306,64
8307,146
8308,69
8309,10
8310,155
8311,7
8312,158
8313,93
8314,0
8315,31
8316,142
8317,133
8318,66
8319,168
8320,8
8321,38
8322,92
8323,147
8324,105
8325,21
8326,133
8327,114
8328,115
8329,10
8330,93
8331,72
8332,102
8333,12
8334,161
8335,70
8336,159
8337,43
8338,100
8339,63
8340,19
8341,124
8342,13
8343,28
8344,129
8345,132
8346,56
8347,84
8348,22
8349,194
8350,102
8351,167
8352,80
8353,90
8354,180
8355,52
8356,194
8357,140
8358,2
8359,181
8360,168
8361,97
8362,98
8363,197
8364,193
8365,78
8366,63
8367,23
8368,26
8369,77
8370,79
8371,62
8372,126
8373,77
8374,192
8375,64
8376,60
8377,171
8378,162
8379,5
8380,4
8381,150
8382,124
8383,181
8384,186
8385,111
8386,103
8387,196
8388,26
8389,166
8390,57
8391,68
8392,47
8393,133
8394,25
8395,17
8396,158
8397,110
8398,75
8399,100
8400,60
8401,152
8402,98
8403,194
8404,30
8405,14
8406,59
8407,11
8408,113
8409,15
8410,98
8411,112
8412,131
8413,38
8414,177
8415,90
8416,56
8417,118
8418,23
8419,199
8420,0
8421,96
8422,88
8423,128
8424,15
8425,197
8426,146
8427,3
8428,98
8429,0
8430,31
8431,189
8432,145
8433,128
8434,127
8435,75
8436,153
8437,42
8438,4
8439,35
8440,4
8441,176
8442,4
8443,179
8444,53
8445,44
8446,49
8447,191
8448,1
8449,53
8450,77
8451,180
8452,23
8453,33
8454,110
8455,192
8456,132
8457,106
8458,79
8459,56
8460,199
8461,162
8462,82
8463,171
8464,144
8465,15
8466,113
8467,26
8468,122
8469,181
8470,72
8471,44
8472,145
8473,95
8474,86
8475,173
8476,102
8477,185
8478,69
8479,29
8480,93
8481,140
8482,183
8483,29
8484,11
8485,56
8486,96
8487,17
8488,153
8489,38
8490,132
8491,29
8492,53
8493,38
8494,149
8495,175
8496,105
8497,54
8498,148
8499,57
8500,97
8501,104
8502,155
8503,64
8504,90
8505,87
8506,45
8507,84
8508,166
8509,121
8510,78
8511,145
8512,33
8513,45
8514,18
8515,122
8516,190
8517,156
8518,3
8519,20
8520,172
8521,147
8522,114
8523,197
8524,132
8525,116
8526,98
8527,28
8528,63
8529,54
8530,119
8531,152
8532,6
8533,194
8534,9
8535,133
8536,17
8537,100
8538,110
8539,45
8540,36
8541,98
8542,167
8543,102
8544,9
8545,4
8546,142
8547,174
8548,78
8549,176
8550,118
8551,130
8552,144
8553,182
8554,40
8555,155
8556,20
8557,196
8558,57
8559,117
8560,119
8561,1
8562,74
8563,105
8564,74
8565,27
8566,61
8567,22
8568,73
8569,150
8570,73
8571,14
8572,101
8573,146
8574,89
8575,158
8576,9
8577,138
8578,167
8579,49
8580,127
8581,151
8582,171
8583,97
8584,109
8585,172
8586,100
8587,88
8588,31
8589,74
8590,44
8591,146
8592,149
8593,23
8594,199
8595,98
8596,159
8597,29
8598,91
8599,152
8600,6
8601,3
8602,114
8603,7
8604,89
8605,25
8606,117
8607,195
8608,24
8609,135
8610,170
8611,73
8612,61
8613,180
8614,181
8615,104
8616,197
8617,114
8618,119
8619,173
8620,147
8621,19
8622,78
8623,28
8624,15
8625,40
8626,174
8627,95
8628,160
8629,111
8630,30
8631,73
8632,26
8633,131
8634,38
8635,84
8636,127
8637,176
8638,78
8639,153
8640,111
8641,99
8642,191
8643,120
8644,99
8645,124
8646,85
8647,109
8648,77
8649,68
8650,194
8651,154
8652,152
8653,21
8654,113
8655,4
8656,15
8657,27
8658,41
8659,199
8660,174
8661,56
8662,65
8663,165
8664,39
8665,145
8666,78
8667,21
8668,29
8669,93
8670,126
8671,128
8672,181
8673,108
8674,8
8675,183
8676,32
8677,45
8678,52
8679,96
8680,175
8681,74
8682,33
8683,94
8684,30
8685,153
8686,133
8687,67
8688,198
8689,29
8690,6
8691,62
8692,66
8693,127
8694,88
8695,68
8696,193
8697,134
8698,86
8699,110
8700,130
8701,152
8702,87
8703,11
8704,110
8705,125
8706,78
8707,147
8708,105
8709,125
8710,184
8711,67
8712,72
8713,46
8714,199
8715,73
8716,153
8717,161
8718,128
8719,156
8720,10
8721,37
8722,197
8723,28
8724,35
8725,106
8726,152
8727,33
8728,18
8729,72
8730,182
8731,128
8732,166
8733,93
8734,0
8735,79
8736,113
8737,175
8738,59
8739,120
8740,30
8741,69
8742,174
8743,180
8744,47
8745,172
8746,2
8747,194
8748,189
8749,189
8750,23
8751,185
8752,194
8753,119
8754,71
8755,142
8756,45
8757,90
8758,136
8759,179
8760,33
8761,142
8762,144
8763,132
8764,3
8765,7
8766,108
8767,189
8768,68
8769,101
8770,116
8771,10
8772,140
8773,60
8774,9
8775,98
8776,1
8777,136
8778,35
8779,54
8780,75
8781,53
8782,122
8783,72
8784,44
8785,0
8786,66
8787,174
8788,0
8789,13
8790,9
8791,51
8792,190
8793,91
8794,117
8795,145
8796,36
8797,15
8798,34
8799,187
8800,1
8801,4
8802,196
8803,161
8804,8
8805,160
8806,121
8807,113
8808,89
8809,41
8810,115
8811,73
8812,60
8813,5
8814,110
8815,68
8816,170
8817,8
8818,154
8819,68
8820,142
8821,68
8822,34
8823,108
8824,97
8825,196
8826,130
8827,66
8828,16
8829,133
8830,198
8831,91
8832,55
8833,172
8834,15
8835,14
8836,176
8837,39
8838,42
8839,72
8840,195
8841,169
8842,164
8843,21
8844,138
8845,4
8846,146
8847,107
8848,121
8849,149
8850,157
8851,143
8852,63
8853,72
8854,170
8855,14
8856,54
8857,151
8858,77
8859,74
8860,72
8861,167
8862,143
8863,48
8864,58
8865,187
8866,32
8867,134
8868,110
8869,98
8870,35
8871,154
8872,160
8873,54
8874,183
8875,175
8876,167
8877,17
8878,153
8879,149
8880,63
8881,189
8882,51
8883,104
8884,17
8885,177
8886,113
8887,49
8888,99
8889,39
8890,83
8891,109
8892,20
8893,75
8894,184
8895,56
8896,3
8897,93
8898,155
8899,119
8900,151
8901,72
8902,52
8903,33
8904,194
8905,63
8906,102
8907,49
8908,114
8909,52
8910,65
8911,170
8912,196
8913,144
8914,163
8915,39
8916,185
8917,72
8918,197
8919,5
8920,35
8921,123
8922,168
8923,88
8924,59
8925,169
8926,188
8927,103
8928,147
8929,99
8930,179
8931,109
8932,152
8933,144
8934,163
8935,65
8936,36
8937,186
8938,183
8939,196
8940,109
8941,192
8942,101
8943,145
8944,112
8945,137
8946,181
8947,95
8948,95
8949,69
8950,110
8951,88
8952,110
8953,164
8954,15
8955,105
8956,164
8957,190
8958,95
8959,106
8960,30
8961,95
8962,107
8963,111
8964,146
8965,185
8966,42
8967,54
8968,40
8969,171
8970,131
8971,129
8972,81
8973,50
8974,67
8975,61
8976,55
8977,54
8978,83
8979,27
8980,166
8981,182
8982,34
8983,22
8984,28
8985,100
8986,149
8987,98
8988,186
8989,102
8990,110
8991,90
8992,142
8993,84
8994,66
8995,15
8996,179
8997,126
8998,180
8999,135
9000,191
9001,23
9002,31
9003,53
9004,142
9005,127
9006,197
9007,43
9008,27
9009,52
9010,181
9011,178
9012,14
9013,196
9014,66
9015,157
9016,151
9017,47
9018,134
9019,90
9020,27
9021,129
9022,39
9023,196
9024,142
9025,73
9026,95
9027,14
9028,29
9029,9
9030,133
9031,93
9032,73
9033,38
9034,145
9035,101
9036,0
9037,84
9038,113
9039,195
9040,52
9041,76
9042,99
9043,132
9044,71
9045,71
9046,145
9047,99
9048,163
9049,10
9050,164
9051,165
9052,144
9053,8
9054,161
9055,1
9056,178
9057,191
9058,123
9059,155
9060,167
9061,104
9062,28
9063,68
9064,187
9065,51
9066,49
9067,63
9068,100
9069,21
9070,68
9071,114
9072,72
9073,131
9074,171
9075,143
9076,147
9077,48
9078,194
9079,167
9080,116
9081,125
9082,47
9083,119
9084,32
9085,6
9086,125
9087,54
9088,160
9089,116
9090,198
9091,166
9092,40
9093,90
9094,62
9095,16
9096,3
9097,137
9098,168
9099,69
9100,40
9101,127
9102,30
9103,18
9104,89
9105,111
9106,31
9107,141
9108,151
9109,131
9110,176
9111,121
9112,184
9113,148
9114,73
9115,130
9116,163
9117,69
9118,189
9119,42
9120,124
9121,149
9122,56
9123,177
9124,42
9125,12
9126,23
9127,150
9128,98
9129,94
9130,0
9131,48
9132,107
9133,149
9134,44
9135,58
9136,107
9137,163
9138,115
9139,32
9140,17
9141,68
9142,95
9143,108
9144,34
9145,199
9146,102
9147,59
9148,8
9149,148
9150,199
9151,11
9152,140
9153,182
9154,39
9155,61
9156,198
9157,184
9158,54
9159,46
9160,55
9161,140
9162,120
9163,157
9164,152
9165,99
9166,185
9167,94
9168,57
9169,3
9170,84
9171,98
9172,153
9173,143
9174,149
9175,196
9176,105
9177,168
9178,30
9179,93
9180,37
9181,156
9182,3
9183,56
9184,154
9185,29
9186,39
9187,33
9188,22
9189,126
9190,191
9191,67
9192,169
9193,167
9194,63
9195,76
9196,5
9197,62
9198,121
9199,117
9200,172
9201,77
9202,86
9203,34
9204,178
9205,114
9206,76
9207,163
9208,4
9209,26
9210,36
9211,98
9212,62
9213,35
9214,153
9215,67
9216,179
9217,52
9218,47
9219,75
9220,47
9221,1
9222,81
9223,106
9224,197
9225,26
9226,194
9227,65
9228,53
9229,194
9230,153
9231,81
9232,117
9233,74
9234,141
9235,18
9236,96
9237,185
9238,61
9239,55
9240,123
9241,93
9242,155
9243,140
9244,116
9245,9
9246,106
9247,161
9248,114
9249,107
9250,37
9251,162
9252,134
9253,20
9254,9
9255,138
9256,128
9257,131
9258,28
9259,115
9260,18
9261,44
9262,112
9263,83
9264,196
9265,189
9266,180
9267,135
9268,31
9269,151
9270,50
9271,150
9272,170
9273,111
9274,181
9275,51
9276,181
9277,20
9278,97
9279,185
9280,24
9281,86
9282,22
9283,65
9284,141
9285,111
9286,148
9287,14
9288,16
9289,189
9290,42
9291,121
9292,151
9293,20
9294,112
9295,110
9296,87
9297,147
9298,152
9299,185
9300,194
9301,186
9302,16
9303,173
9304,15
9305,91
9306,76
9307,186
9308,99
9309,62
9310,105
9311,44
9312,118
9313,102
9314,119
9315,107
9316,95
9317,139
9318,88
9319,13
9320,98
9321,15
9322,99
9323,54
9324,13
9325,19
9326,29
9327,155
9328,124
9329,126
9330,75
9331,142
9332,0
9333,65
9334,129
9335,51
9336,5
9337,135
9338,80
9339,111
9340,142
9341,63
9342,112
9343,89
9344,108
9345,14
9346,101
9347,98
9348,36
9349,175
9350,65
9351,37
9352,180
9353,81
9354,40
9355,107
9356,118
9357,165
9358,62
9359,197
9360,81
9361,151
9362,104
9363,139
9364,0
9365,68
9366,70
9367,44
9368,179
9369,109
9370,118
9371,38
9372,82
9373,94
9374,49
9375,35
9376,123
9377,171
9378,76
9379,27
9380,25
9381,141
9382,120
9383,7
9384,29
9385,71
9386,40
9387,75
9388,90
9389,151
9390,33
9391,27
9392,1
9393,45
9394,164
9395,28
9396,48
9397,134
9398,142
9399,116
9400,124
9401,171
9402,36
9403,66
9404,185
9405,185
9406,185
9407,29
9408,145
9409,0
9410,198
9411,83
9412,22
9413,94
9414,137
9415,185
9416,177
9417,133
9418,128
9419,161
9420,182
9421,43
9422,184
9423,8
9424,37
9425,100
9426,120
9427,56
9428,189
9429,128
9430,179
9431,102
9432,52
9433,38
9434,170
9435,140
9436,191
9437,88
9438,186
9439,128
9440,15
9441,109
9442,145
9443,47
9444,60
9445,55
9446,134
9447,145
9448,176
9449,113
9450,4
9451,21
9452,115
9453,0
9454,106
9455,65
9456,141
9457,97
9458,75
9459,146
9460,15
9461,169
9462,130
9463,81
9464,75
9465,71
9466,118
9467,144
9468,182
9469,154
9470,114
9471,125
9472,186
9473,105
9474,100
9475,198
9476,26
9477,173
9478,161
9479,6
9480,160
9481,176
9482,130
9483,28
9484,191
9485,101
9486,120
9487,91
9488,41
9489,102
9490,17
9491,16
9492,85
9493,29
9494,46
9495,27
9496,179
9497,20
9498,85
9499,37
9500,81
9501,128
9502,75
9503,145
9504,42
9505,115
9506,146
9507,61
9508,98
9509,71
9510,15
9511,123
9512,87
9513,0
9514,7
9515,117
9516,110
9517,155
9518,122
9519,53
9520,144
9521,106
9522,20
9523,145
9524,95
9525,74
9526,172
9527,31
9528,45
9529,183
9530,8
9531,82
9532,169
9533,193
9534,31
9535,24
9536,100
9537,147
9538,119
9539,90
9540,186
9541,71
9542,9
9543,119
9544,50
9545,160
9546,174
9547,163
9548,134
9549,149
9550,95
9551,177
9552,97
9553,55
9554,123
9555,10
9556,30
9557,180
9558,50
9559,103
9560,170
9561,43
9562,189
9563,33
9564,26
9565,74
9566,85
9567,65
9568,102
9569,99
9570,117
9571,111
9572,189
9573,52
9574,52
9575,17
9576,60
9577,104
9578,127
9579,11
9580,128
9581,72
9582,102
9583,102
9584,141
9585,81
9586,183
9587,116
9588,127
9589,112
9590,124
9591,19
9592,110
9593,30
9594,106
9595,156
9596,95
9597,20
9598,86
9599,107
9600,101
9601,191
9602,164
9603,103
9604,18
9605,50
9606,14
9607,130
9608,188
9609,68
9610,107
9611,196
9612,61
9613,17
9614,152
9615,156
9616,106
9617,102
9618,98
9619,14
9620,113
9621,197
9622,150
9623,114
9624,30
9625,159
9626,143
9627,115
9628,32
9629,163
9630,81
9631,46
9632,195
9633,34
9634,67
9635,192
9636,44
9637,26
9638,27
9639,157
9640,76
9641,8
9642,15
9643,180
9644,135
9645,37
9646,41
9647,127
9648,89
9649,50
9650,179
9651,174
9652,100
9653,180
9654,20
9655,88
9656,99
9657,164
9658,183
9659,174
9660,57
9661,152
9662,182
9663,84
9664,194
9665,88
9666,147
9667,52
9668,172
9669,68
9670,150
9671,127
9672,171
9673,72
9674,181
9675,43
9676,176
9677,26
9678,193
9679,39
9680,5
9681,125
9682,182
9683,114
9684,153
9685,22
9686,189
9687,59
9688,61
9689,51
9690,105
9691,29
9692,60
9693,165
9694,46
9695,189
9696,79
9697,93
9698,71
9699,95
9700,160
9701,113
9702,78
9703,129
9704,1
9705,136
9706,91
9707,78
9708,33
9709,191
9710,66
9711,72
9712,155
9713,198
9714,103
9715,121
9716,173
9717,32
9718,116
9719,189
9720,33
9721,78
9722,27
9723,136
9724,48
9725,129
9726,65
9727,145
9728,171
9729,16
9730,61
9731,87
9732,100
9733,188
9734,161
9735,179
9736,45
9737,38
9738,7
9739,42
9740,6
9741,45
9742,89
9743,1
9744,118
9745,14
9746,75
9747,162
9748,4
9749,126
9750,124
9751,14
9752,152
9753,153
9754,185
9755,192
9756,16
9757,26
9758,177
9759,13
9760,163
9761,34
9762,171
9763,195
9764,69
9765,157
9766,179
9767,55
9768,83
9769,1
9770,4
9771,92
9772,11
9773,87
9774,162
9775,44
9776,54
9777,134
9778,132
9779,194
9780,108
9781,184
9782,68
9783,97
9784,11
9785,178
9786,137
9787,11
9788,147
9789,88
9790,39
9791,101
9792,101
9793,154
9794,110
9795,197
9796,198
9797,101
9798,180
9799,198
9800,126
9801,198
9802,112
9803,17
9804,113
9805,48
9806,164
9807,142
9808,170
9809,15
9810,50
9811,52
9812,146
9813,106
9814,137
9815,185
9816,133
9817,124
9818,101
9819,7
9820,113
9821,102
9822,19
9823,132
9824,186
9825,76
9826,99
9827,118
9828,29
9829,47
9830,83
9831,74
9832,191
9833,91
9834,20
9835,167
9836,120
9837,70
9838,14
9839,198
9840,182
9841,125
9842,152
9843,92
9844,130
9845,129
9846,89
9847,85
9848,88
9849,109
9850,94
9851,142
9852,178
9853,115
9854,135
9855,94
9856,72
9857,117
9858,102
9859,127
9860,133
9861,175
9862,69
9863,46
9864,54
9865,89
9866,54
9867,91
9868,157
9869,62
9870,18
9871,61
9872,171
9873,13
9874,191
9875,7
9876,191
9877,104
9878,81
9879,60
9880,18
9881,194
9882,49
9883,177
9884,152
9885,63
9886,184
9887,61
9888,73
9889,145
9890,40
9891,126
9892,165
9893,95
9894,164
9895,31
9896,4
9897,176
9898,126
9899,6
9900,132
9901,19
9902,152
9903,176
9904,68
9905,47
9906,79
9907,65
9908,186
9909,197
9910,78
9911,4
9912,71
9913,101
9914,8
9915,154
9916,160
9917,179
9918,165
9919,127
9920,42
9921,113
9922,173
9923,105
9924,178
9925,158
9926,94
9927,119
9928,116
9929,104
9930,156
9931,179
9932,10
9933,107
9934,3
9935,184
9936,133
9937,148
9938,76
9939,29
9940,157
9941,30
9942,55
9943,88
9944,0
9945,121
9946,19
9947,172
9948,89
9949,94
9950,117
9951,145
9952,39
9953,7
9954,59
9955,117
9956,91
9957,147
9958,124
9959,144
9960,165
9961,93
9962,37
9963,184
9964,64
9965,14
9966,110
9967,149
9968,87
9969,110
9970,124
9971,37
9972,46
9973,37
9974,162
9975,70
9976,16
9977,50
9978,29
9979,2
9980,70
9981,35
9982,28
9983,108
9984,83
9985,13
9986,74
9987,145
9988,1
9989,54
9990,35
9991,129
9992,16
9993,61
9994,43
9995,92
9996,153
9997,106
9998,1
9999,61
